PassengerId,Pclass,Name,Sex,Age,SibSp,Parch,Ticket,Fare,Embarked,Survived
1,3,Allison Hill,male,17,4,2,43d75413-a939-4bd1-a516-b0d47d3572cc,144.08,Q,1
2,1,Noah Rhodes,male,60,2,2,6334fa2a-8b4b-47e7-a451-5ae01754bf08,249.04,S,0
3,3,Angie Henderson,male,64,0,0,61a66444-e2af-4629-9efb-336e2f546033,50.31,Q,1
4,3,Daniel Wagner,male,35,4,0,0b6c03c8-721e-4419-afc3-e6495e911b91,235.2,C,1
5,1,Cristian Santos,female,70,0,3,436e3c49-770e-49db-b092-d40143675d58,160.17,C,1
6,1,Connie Lawrence,male,30,2,3,907276ea-44c0-4a9a-964a-cb1f39eb038a,412.97,Q,1
7,3,Abigail Shaffer,female,71,4,0,b24beb96-c092-4b74-a6b0-7ff60fc79913,37.92,C,1
8,2,Gina Moore,female,74,2,0,ab0b4cc5-15f0-4a19-98c1-80d2aadf3692,215.12,Q,0
9,3,Gabrielle Davis,male,63,4,1,69fb0763-8a9c-46f7-8ee4-e5125802b640,234.63,C,1
10,3,Ryan Munoz,female,28,2,1,3a3e46b0-96f8-4ff7-81a7-2883f8802878,365.25,S,1
11,3,Monica Herrera,female,60,1,0,6319629b-d73e-4bb9-8f9c-a17b8db8dadf,291.4,C,0
12,3,Jamie Arnold,female,79,2,1,f7336094-6b2b-48b9-85c7-f3bed183010f,336.93,S,0
13,1,Lisa Hensley,female,37,1,4,efb56207-ddec-440b-afe3-af13891778e8,390.75,S,1
14,3,Michele Williams,male,22,2,3,3c53090e-e1b4-4171-929d-674d798e175f,432.48,Q,1
15,2,Dylan Miller,female,68,4,3,6511e61a-1436-45f5-8c81-926079ec533c,163.8,C,0
16,1,Brian Ramirez,male,20,4,0,08e3f771-b6dc-4d05-9a9b-ccc1e71c681a,273.63,Q,1
17,2,Holly Wood,female,68,4,2,844e250b-e684-490c-923b-78208089b8c5,421.65,C,0
18,2,Derek Zuniga,female,64,3,0,fb95d0fc-ad72-4d05-924c-de09ccea5031,494.83,S,0
19,2,Lisa Jackson,male,17,0,1,f3025d16-1eca-4ae9-a5bf-213d9eca381b,445.86,S,1
20,2,Carla Gray,female,12,4,2,f2f5b176-2c41-4bd3-b2f4-44abc1d71f4a,192.02,C,0
21,1,Margaret Hawkins DDS,female,22,1,1,363e6ef4-f8df-4c3a-aacb-4fbdfbff8a7d,105.63,C,1
22,1,Patty Perez,female,17,4,4,0aeccec7-204d-49da-b156-7f2acef74829,249.8,Q,1
23,2,Ethan Adams,male,10,3,1,aee14f87-fcff-49e3-940f-f5896c624c2c,373.4,C,1
24,2,Tommy Walter,female,65,1,4,d2938e6e-ff4d-4930-b3b0-fb536f75ee8a,251.36,C,0
25,1,Matthew Foster,male,22,3,4,98550b1e-d588-4c1c-a5db-5946a091e5b4,246.76,C,1
26,1,Judy Baker,female,50,1,1,ba236c22-e92a-4b97-91db-1a374204d733,420.73,Q,0
27,1,Justin Baker,male,14,2,1,16476e3f-1127-4207-8eae-1325ea074d80,187.09,C,1
28,3,Stephanie Ross,male,64,0,4,8d536c75-65b9-4e94-8e6d-e263635a775d,431.3,S,1
29,3,Zachary Hicks,female,47,0,2,850a48d4-46b5-48de-9b4b-b8eb537d0bd1,209.33,Q,0
30,3,Anthony Rodriguez,female,29,3,4,032a461a-df9b-4c1f-aacb-1f6d7549c9f9,170.83,Q,1
31,2,Rebecca Henderson,male,76,0,3,966b62ea-9f80-496b-b34e-356ac95b61f8,232.46,S,1
32,3,James Ferrell,male,36,3,4,1cce08e9-6b6a-4061-881c-8d3185c69fbf,383.6,S,0
33,2,Tricia Valencia,female,52,3,2,910c4cb7-25f0-4b0a-a64e-f59d6a18e5af,71.74,S,0
34,2,Nathan Maldonado,male,76,3,3,f6ff3521-c225-4530-952a-53459682d9ff,106.25,C,0
35,3,Debra Davidson,female,7,0,0,1b0ae22e-ecc8-47a6-99a6-f80ef08ce6c2,476.21,S,1
36,2,Jeffrey Chavez,female,29,3,0,c926a021-19da-4262-8790-3dc5900c0af7,95.99,C,0
37,3,Sherri Baker,female,11,0,2,e1509425-891f-4683-9e12-dbf1493d6196,288.19,Q,0
38,3,Cassandra Gaines,female,33,3,4,439e754c-6930-46ea-a0bd-a1ee5807cf74,293.86,Q,1
39,1,Elizabeth Fowler,male,6,4,1,92701d60-7c4f-48e4-a7a0-2a3d620f230b,249.92,S,0
40,3,Brittany Farmer,female,79,3,2,2c154804-0997-49a3-b919-955c9be4f19f,325.93,C,1
41,1,Paula Moreno,male,32,1,3,9e45455e-24d3-4751-a729-4d3c46818a88,122.62,S,1
42,3,Fred Smith,female,51,3,3,66d71d97-b193-48b8-ae49-c0799bd0d4c7,280.8,S,0
43,3,Sherry Decker,male,75,2,0,e1035e1c-e3bb-42ae-a552-ac5309eda6f5,192.36,C,1
44,1,Anthony Humphrey,female,58,3,3,0c9e5550-3cd1-4f3f-b0c5-827854dccba5,334.22,S,0
45,1,Angelica Tucker,male,26,1,2,44c1f1b5-ebbb-4763-b9a7-e63bbee975da,79.2,Q,0
46,3,Philip Cannon,male,46,1,3,567e642e-052d-4b9a-9f58-4603e5a3d8e9,289.73,S,0
47,2,John Pierce,female,29,0,2,4f9a5f98-4d95-4273-8b2c-c805d1403430,100.78,C,0
48,1,Shane Henderson,female,4,4,1,dbb54645-7dda-41b6-97c4-caed47c4cc51,146.54,C,1
49,2,Joshua Blair,female,13,3,0,f8f58a26-1924-4644-af52-7666b23909f4,117.17,Q,1
50,2,Eric Carney,female,39,0,3,4cec495b-2267-46e3-ba5b-6ac5de703b72,99.59,C,0
51,2,Jessica Holmes,male,15,4,2,c626e38f-716f-4276-be64-ac2af96671a5,414.6,C,0
52,1,Danny Morgan,female,29,3,4,ba92992e-44f8-453c-9224-6d05d3692867,150.0,Q,1
53,2,Crystal Robinson,male,29,2,0,16db80db-a543-448e-9adf-e9816ab19e15,464.29,S,0
54,1,Mark Perez,male,75,3,1,e9d6bb7e-361d-4014-b114-56de301c8db3,485.26,Q,1
55,2,Shannon Jones,female,32,1,2,7c059799-bdae-4eff-a83c-510ed2efa93b,289.92,S,0
56,3,Michael Lewis,male,2,1,1,5fb8944d-de00-48aa-8439-6fc0c26e2706,80.07,Q,1
57,3,Timothy Duncan,male,47,2,1,ca9f1d59-83e8-4700-8e63-813ed22e3226,193.53,S,1
58,1,Richard Aguirre,male,78,0,3,b5a6571c-4fa5-435e-90cc-460428b26b1b,400.89,Q,1
59,3,Brent Jordan,male,22,4,3,c7cfeca8-22b9-424c-a744-3fb881bd55d5,190.02,S,0
60,3,John Daniel,female,75,3,2,9194821e-e11b-40d4-8637-9f04d9ee7dc9,52.64,Q,0
61,2,Victoria Garcia,female,27,1,4,e00bd534-3158-41fb-ac7a-0d3107692583,282.82,S,0
62,1,Gerald Hensley,female,67,0,2,0ec0ad4b-d644-4a9d-b362-d476d53ae57f,424.11,Q,0
63,2,Connor West,female,56,2,4,0cf173f9-74d9-41f5-8877-58043fde9814,400.0,C,0
64,2,Donald Wright,male,21,1,1,32f8dbab-b462-43e8-9c41-8a83eb04159c,95.81,S,1
65,2,Jessica Callahan,male,47,2,0,76d70561-d2d1-4ef5-9e4c-4fd1462363a9,339.65,Q,1
66,2,Amber Kidd,female,59,3,2,ec4e8cbb-a2aa-478c-a59e-0258814ff657,118.05,S,1
67,2,Tracy House,female,6,4,2,3defa7ba-07d2-4d4d-ae61-716a1fb621ae,116.92,S,1
68,2,Carol Tucker,female,19,1,4,7233d5af-9813-4da1-bd21-20ad5f59fb4d,438.3,Q,1
69,2,James Brown,male,57,1,1,797e3984-ded7-43ef-b5e4-a9c12d761ffa,132.34,S,1
70,1,William Baker,female,69,3,1,5820b3f2-5989-4d6c-8d24-34f9963dc8bf,138.99,Q,1
71,3,Jordan Henderson,female,3,0,4,42378962-e4fd-4c34-9670-7a2129dc073e,10.32,C,0
72,2,Whitney Peters,female,1,4,1,1723ecdb-b058-4256-94b3-e8cfbfbbeab3,436.63,S,1
73,2,Brittney Phillips,male,58,1,3,0cb5ee5c-62f5-47c2-8706-fec248fa4e98,398.37,C,0
74,2,Lauren Daniels,male,38,4,0,c7a2f280-927f-4103-9a94-08c029b44cb1,317.39,S,1
75,2,Amy Silva,male,15,1,2,38aa76df-db6b-439b-b6dd-9529f704d72f,377.63,S,1
76,2,Sarah Moore,male,34,4,0,34ec5264-ad7d-4f81-b9a0-f145a5bab050,84.5,S,0
77,2,Angela Lopez,male,61,2,2,83666636-68d5-46b8-a6ce-6d7a44e2a94b,234.58,Q,1
78,3,Megan Young,male,35,1,3,f796611f-c7c1-4b1b-9d58-631b052226b9,182.1,C,0
79,3,Steve Sanchez,male,64,4,1,795e6f2b-0247-4360-aea4-a441c47fa57e,55.95,S,1
80,2,Lisa Barnes,male,25,0,4,2c56e0cd-a5ba-4472-a1df-5609e959137f,248.2,Q,0
81,3,Kelly Donovan,female,24,2,3,3948fe22-022a-4dda-8d05-79e299e4704c,461.16,S,1
82,1,Mike Allen,female,12,2,0,f168c605-ce1a-4669-9bbc-6cbc409ca8f2,29.63,Q,0
83,2,Michael Evans,male,18,0,4,b599277f-f78e-49e8-b676-291d4e329b4b,152.82,S,0
84,1,Paul Jones,male,15,4,1,e53e5f4c-6c7e-4a2c-867f-358ba48aa108,111.7,C,1
85,1,Zachary Ferrell,female,27,3,3,7580e4e9-5945-4186-9a01-8d296060b1eb,126.69,C,1
86,2,Daniel Baker,male,72,0,4,4d59616b-7779-457f-b7dc-8c784082fcda,455.13,S,0
87,3,Shirley Suarez,male,60,4,3,9fa4a627-d306-48be-8548-867bad5cba24,239.35,Q,1
88,1,Christopher Bass,male,46,0,3,01e187d8-1a31-4044-95a0-f35665abc9ff,238.49,S,0
89,2,Lisa Archer,female,17,0,1,f76b9723-a990-4071-bfda-9a9382f29004,382.68,Q,1
90,1,Aimee Montoya,female,53,1,2,8fbba749-5fcd-459e-96e1-8109d7e174e6,85.7,S,0
91,1,Matthew Mcmillan,female,8,4,4,485d831c-9bea-4529-9801-7a2fa5b83693,248.76,Q,1
92,1,Brian Rodriguez,female,79,3,1,7b53359e-1bac-4d0d-af35-b30b4c68eb17,220.69,C,0
93,1,Denise Jacobs,female,27,1,3,46c79b36-fd05-4963-9616-af7e1057a002,302.49,S,1
94,3,Christina Walters,male,46,0,1,46e1ee40-dc8a-46a7-933c-2ed5a3fe0479,499.78,C,0
95,1,John Whitehead,female,50,0,2,f3c2944a-b60a-4dcc-a7f7-745142da8609,387.03,C,0
96,1,Anna Henderson,male,71,0,4,30385dd7-4c7d-4313-a6c6-81b0e4729be5,204.95,S,1
97,1,Aaron Wise,male,3,4,2,3d846fc9-c3f6-4136-846d-5a3b2661c426,415.5,S,1
98,3,Deborah Figueroa,female,64,4,0,db7904e0-ce30-461d-8e88-c8ece651e3e1,93.65,Q,0
99,1,Jessica Smith,female,44,1,4,6772fe9f-999b-4859-8f5e-0f0bcd67b5df,24.93,Q,0
100,1,Stephen Mckee,male,53,3,2,23d26b8d-ae46-424d-91d0-5ef3a91883fc,110.18,C,0
101,3,Sandra Aguilar,male,24,1,3,7f53d344-a7c8-44e4-8684-3c86b8a60402,176.8,Q,0
102,3,Cameron Parker,male,60,2,4,e82b5b36-4269-428c-8bac-bedfff5a229e,260.18,Q,1
103,3,Rebecca Valencia,female,3,0,4,bc9a7998-6365-4c2a-a793-cb096b271eff,311.41,S,0
104,1,Christine Wright,female,20,0,1,fea82e3a-b544-41cb-9541-0a9d090aaa93,456.2,Q,0
105,3,Richard Henson,female,46,0,3,57d9cbb0-309e-47ba-90e6-56e592715f6e,259.83,C,0
106,3,Marc Moore,female,15,1,0,afb28b3d-38ec-4b4d-b69f-5eabb9ff2c29,255.63,Q,1
107,1,Sharon Cherry,female,25,1,2,79c9c839-c8ef-4377-a368-84f588ddd880,34.62,C,0
108,3,Sierra Johnson,male,78,0,1,5bc677ca-abff-4286-b0cf-9d73e8121ef0,27.11,S,1
109,1,Evelyn Galvan,female,71,1,2,2b843ef3-d86d-455d-8cd9-916481df62f4,280.07,C,1
110,2,Sharon Cochran,male,17,4,0,8ee9581a-e061-465f-a859-6f8cd73418fe,224.71,Q,1
111,3,Richard Rodriguez,male,9,4,0,7885187d-18fc-43b7-8b35-6e9a2e5eeb6a,421.2,S,1
112,2,Shannon Walker,male,38,1,4,b9a5d4d0-4237-41f1-bdac-dc5e20c0f275,88.73,Q,1
113,1,Julia Torres,female,48,0,0,e9a1c6d5-c34e-4baf-8f1c-b2ccceef9fa8,22.24,S,1
114,3,Crystal Johnson,female,60,1,2,e64b9b37-ae01-4122-b269-921c2edd9141,230.03,S,1
115,1,Garrett Lin,female,63,1,3,38e59b27-16dc-4a6e-a789-077055ec024a,126.36,Q,0
116,2,Diana May,male,2,1,3,df162ec3-be84-4aa2-b92c-04da5af3da5a,34.31,Q,0
117,1,William Herrera,male,72,2,4,e3082ddc-c9c0-4b7d-aba4-170b4e9d23e9,365.05,S,1
118,3,Ashley Waller,male,11,4,2,95e7f614-42b4-4281-9f26-946654d1332a,64.68,S,0
119,3,Victor Baker,male,64,3,2,1e26ed31-d9e9-4758-b6b9-04364b46ef33,308.08,Q,0
120,2,Jeffrey Chandler,male,77,3,0,a267d32f-ddcb-44bc-8dbd-c5da787515b9,147.71,C,1
121,1,Larry Dixon,male,72,2,2,9ee339ff-f1bd-4598-948f-664a9565257b,95.01,Q,0
122,3,Kenneth Scott,female,21,1,1,31cd9f6e-e3b1-4d36-b8e3-6397123b31cf,196.08,S,1
123,2,April Frost,female,18,2,0,ae423568-de14-453b-9eac-41d9801f4909,402.71,Q,0
124,3,Michelle Harmon,female,64,2,1,69c165ae-4c61-4ae8-87a3-7f1061b512ed,202.13,C,1
125,3,Helen Jones,female,38,0,4,26996aab-daaf-4529-9eef-f82a0dd70158,377.88,Q,1
126,1,Erin Edwards,male,32,4,3,57b936b0-3346-4332-be0a-824e232a5e82,71.49,S,0
127,3,Michelle Evans,male,11,3,4,e4917f7d-91c4-4efc-bcb8-96bb68c0cbef,388.66,Q,0
128,1,Jason Powell,female,45,1,3,24aa5685-7523-46ce-bc95-0bbae8184f34,126.1,S,1
129,3,Cameron Fisher,male,33,3,4,2e2bdc6c-b736-4c4f-9cc5-d97550fe8199,341.92,S,1
130,2,Megan Orr,female,41,3,2,55273407-7cd2-492f-94b0-0f62c768b07f,287.23,Q,1
131,3,Elizabeth Kelley,female,8,4,1,503be788-2d44-4af8-bc94-76b1a18b5d15,465.28,S,0
132,1,Dustin Jordan,female,11,3,3,73b9c2ac-0134-476b-8ed9-fa95a26e865b,199.79,S,0
133,1,Mary Marshall,male,51,3,0,c606ddc4-c2dd-401d-b59a-15334605ec0e,42.42,C,0
134,2,Daniel Kennedy,female,41,2,1,288f3435-c3b5-44db-9387-03c92b29bf36,19.39,C,0
135,3,Rebecca Jackson,female,17,4,0,c79ddb62-c379-44c1-8903-94ea7d54ec82,415.16,C,1
136,3,Jose Schultz,female,76,0,1,6f07b60f-9d4e-4b5d-a120-bfba1689e0b8,267.12,C,1
137,2,Robert Potter,male,46,1,1,6dd49c96-6744-4b9e-aded-cba5a22c3d4f,389.87,S,1
138,3,Courtney Gonzalez,male,32,3,4,0131ff3b-6221-4670-ba36-e788f71fb9a6,124.87,Q,1
139,3,David Alvarez,female,79,1,3,bb0c7919-330c-4ff5-88a5-fa0d09a85dc5,179.09,S,0
140,1,Angel Perry,male,54,0,3,e45a87e8-039a-4ed5-b337-b2615f8392d5,24.75,S,1
141,3,Cheyenne Horton,male,20,1,1,87f1d48c-d54e-4948-81c0-c5e3527c8f50,481.13,S,1
142,3,David Douglas Jr.,male,33,0,2,010e4265-ad3f-4dd4-8496-26ba30c9a2be,337.26,Q,0
143,2,Patricia Rodriguez,male,74,2,2,39ec8ca1-3fb2-4f47-bbcd-6c18a06e8de5,467.27,C,0
144,2,Christopher Rubio,male,40,3,0,4fe54745-5827-4e80-a082-1918b18ad67d,140.09,S,1
145,1,Amber Wright,male,32,0,0,80daa8ca-6230-4d27-9a4b-160621019bff,309.62,S,0
146,3,Joyce Solis,male,2,1,4,10b6a662-2ac1-45ca-8e5d-8f1296b31f4a,342.46,C,1
147,3,Victoria Larson,male,33,3,1,f2ce7eeb-4c56-4b8f-8bb4-32b3d2e76deb,165.6,S,0
148,3,Stephanie Salazar,male,77,2,0,85319f0f-ba53-4122-b4b7-96204a73b0bf,425.57,Q,0
149,1,Kathy Rivas,male,30,3,0,6f04af36-567c-4d44-862c-92fd98abb2e7,474.11,S,1
150,1,Stephanie Manning,female,33,0,1,2240063b-fed7-47be-afd0-d2f7e3524444,443.58,S,0
151,2,David Wright,female,77,2,4,7d7c59a5-e6c1-4650-bf02-f5b057bd56c9,372.14,C,1
152,1,Pamela Boyd,male,26,1,0,2a35ce30-303c-404b-8007-93365bf7dda1,145.96,S,0
153,3,Denise Jones,female,22,2,4,cfdfc6f9-eb0f-427c-a82a-3879f2b5a7ea,147.99,S,0
154,3,Devon Flores,female,66,2,3,396d1ffb-3a79-4efa-84e5-5bd56744acd4,482.05,Q,0
155,1,Brenda Hall,male,38,4,4,3610901c-2196-43b5-bc21-109bba27bc64,15.04,C,0
156,3,Michelle Brown,male,46,2,2,812faa38-96f6-4c09-859c-1ba0bbec721d,360.86,C,0
157,3,Joshua Perry,male,15,2,2,b60b4f87-5dd8-4ffc-9f87-8b322b429596,356.06,Q,1
158,1,Jason Stein,female,44,3,4,600c9c71-0990-4647-8ac8-d87ea689d07f,315.12,S,0
159,1,Melissa Gates,female,49,1,2,c5709e30-417b-4634-a3ec-152ce0653245,495.15,C,1
160,3,Jamie Smith,male,75,3,3,980b6853-0c70-41eb-9f85-c2dd88e44a48,162.82,C,0
161,3,Paul Castaneda,male,61,3,1,1bad52a8-a976-4c4d-8c47-2187fea35d37,176.59,S,1
162,3,Jennifer Adkins,male,67,0,2,0c5921f8-050d-4bfe-960b-f603a750350e,48.68,S,0
163,2,Lindsey Walker,female,6,3,2,71be94c3-6ab1-4db6-9da4-66feb0937085,226.97,C,1
164,2,Jeffrey Johnson,female,9,4,4,40b374f8-8c1a-42c7-9fa3-ed1f61584f88,137.91,S,1
165,2,Michael Powell,female,6,4,3,349b5089-2733-4670-b3ad-a2ba797209c0,178.26,C,0
166,1,John Anderson,female,73,0,1,0261c87a-a15c-459a-af8c-a888b1f81ad9,418.94,S,0
167,2,Alyssa Long,male,32,1,4,19d9d0b5-a962-4996-abbe-3b5a4d15f7d8,468.39,S,0
168,1,Alyssa Day,male,41,1,4,9f6facc1-451d-48fe-8532-fc74a9987bdf,101.01,Q,1
169,1,Joel Williams,male,76,3,3,6b382a0a-231d-460b-b362-cd559b0ada0b,192.53,S,1
170,2,Daniel Murphy,male,8,3,1,82f73861-1adb-48cf-a60c-1638d4a5a81e,465.03,Q,0
171,2,Jamie Walton,female,72,3,3,485f7888-1e23-4a4b-9e21-741fb8011026,40.29,S,0
172,2,Darlene Miller,female,50,1,1,7f6bd3c6-1b34-4937-88e6-09391d2fed2a,55.26,C,1
173,3,Joshua Cooke,male,62,2,3,c72850c1-3322-468b-9be7-8aec32da81f0,89.77,C,1
174,2,Matthew Harrington,male,62,4,4,f91e5fcd-85ec-4729-94dd-1b56435391b2,301.65,S,0
175,3,Nicole Herring,female,7,2,4,68e5c8cd-b414-4e4a-9ba0-c3e033a0daa7,83.73,S,1
176,1,Alex Hernandez,male,75,2,0,8c52d271-0a16-4e18-a90e-3e894b9c22f4,484.36,C,0
177,3,Michael Elliott,female,4,1,2,b02e21aa-352b-4ec8-a90d-21cb7f111a36,228.89,S,0
178,2,Michael Wang,male,6,2,3,3c088990-54a2-4051-bb0c-cad9eee13cae,255.74,Q,0
179,1,Lawrence Adkins,male,58,0,0,16c8e3d7-abf0-463e-8343-8b6400b3700f,130.86,Q,1
180,1,Robert Oconnell,male,22,3,2,92fbacf6-d5d1-4669-9c45-3357e8294a67,240.77,Q,1
181,1,Alexander Collins,male,26,0,3,f30ee4fe-262e-4559-be7d-9a19ab450578,334.34,Q,1
182,3,Tina Sanders,male,3,4,1,13365c0c-82ff-4f2e-878f-07cf170fa87b,378.08,Q,1
183,2,Angela Vaughn,male,41,3,2,e79f9f3d-19ee-4c3b-b93c-4b0bb93b770c,379.4,S,0
184,1,Ashley Barton,male,60,2,4,74eda60e-3b2d-420b-a4f3-418541822509,293.17,S,1
185,1,Lindsay Martinez,female,14,4,0,439db29d-4bc8-4c16-ba2f-bd74fd1935cc,453.14,Q,0
186,1,Dr. Hannah Patterson,female,75,3,2,d02c75f9-198d-43a4-8cd2-0e4376dae194,410.53,S,0
187,3,Jonathan Peterson,female,12,2,2,da2cf852-0a19-4939-9fc7-ab262cb941fc,380.95,S,0
188,3,Samantha Garcia,female,12,0,4,ad409244-cd35-46ef-9c37-07394a629c5e,37.25,Q,1
189,2,Madison Poole,female,13,3,3,1dabb10a-bd10-487c-ad0e-0597500d92a7,13.37,S,0
190,3,Jessica Gross,male,25,2,1,e3ea2d7f-c219-4845-99eb-404c1851d1cf,114.1,S,0
191,1,Debra Morton,male,45,0,4,236dd176-da1c-46ae-8279-e2ab0bbf6334,335.13,S,1
192,2,Karen Graham,female,19,4,1,54231dbe-2ba6-4158-a5ae-cf37a9d1a28e,211.49,Q,0
193,1,Debra Christian,male,55,4,3,f480b91e-700e-4efc-a4ff-c31a5b86ea69,207.18,S,1
194,1,Angelica Keith,female,45,4,2,bbaa574f-e0e3-45ce-84af-ecb79f2ebefc,443.45,C,1
195,3,John Bishop,female,8,4,1,57bcad3a-d0a1-4fe8-9f64-2a5317cba85d,448.83,C,1
196,2,Allen Rosales,male,53,1,0,6676cc75-6699-4af5-9d24-181c2ed087d4,455.5,Q,0
197,3,Daniel Salinas,male,55,3,0,d5f0fb6a-4596-4a75-b4df-b83ff659f188,163.8,C,1
198,3,Spencer Haynes,male,32,3,4,7a6e43d0-d9c5-4cd9-b09d-721b62be4009,348.62,Q,1
199,2,Adam Vaughan,female,51,1,3,e2d903c8-a61a-4d8e-abf7-240fccc62fed,143.1,C,1
200,1,Nathan Freeman,male,44,2,4,21ec4754-1cf1-4654-aab2-02c2cc0243c6,103.4,C,1
201,1,Melissa Brewer,female,70,2,4,fb481ded-0f03-4337-b9f6-143bb2383056,100.47,C,0
202,2,Ricky Davis II,female,18,4,4,1a8cf13c-28ce-431e-9827-4fc3f1458426,177.63,Q,1
203,1,Elizabeth Perkins,female,22,0,0,7b90942f-973b-4977-a946-28206a80cac2,220.68,Q,0
204,2,Joseph Coleman,male,37,2,0,702b7014-adab-4c2f-91a6-46dacd613988,417.17,S,1
205,2,Erin Warner,male,56,0,4,c7774fae-6137-48c3-9c7f-aca62e671784,68.75,Q,0
206,3,David Martinez,female,59,3,0,dcd1c413-0760-401f-9c81-fc465bcd236c,370.11,C,1
207,2,Bryan Herrera,male,3,0,3,ba2eeeb3-d6aa-4382-a144-6b45af390a9d,270.41,C,0
208,3,Cathy Robinson,male,28,3,4,7bab1baa-2172-40aa-a44a-913af933a9fa,151.09,Q,1
209,1,Dr. William Warren,male,74,1,0,e3395b1a-1ce9-4871-bcf5-9d5feb9f33cb,251.48,Q,0
210,1,Brian Lee,female,35,1,1,1036ca81-0bc4-47ba-b0d0-ebcb6949ece5,156.97,Q,0
211,1,Christopher Smith,female,61,4,4,032a09e0-5071-45f0-a7ac-590c42f90f92,302.08,S,0
212,1,Denise Mccann,male,54,2,4,865a7766-ad8c-4fea-9e4b-061eb45e9463,222.58,C,1
213,3,Melissa Martinez,female,63,4,3,b9493906-939f-44eb-be5e-215ec47cc30b,90.56,S,0
214,1,Katherine Salas,male,79,3,2,f4acc7e2-fa57-4cea-b957-134490a4a421,67.13,S,0
215,2,Julie Alexander,male,7,4,2,84e3b774-569a-4ef0-9f86-5633ab7aeb66,277.88,C,0
216,2,Anthony Everett,male,76,0,3,9e44e98c-b359-490e-b030-9aaf85ea16e0,452.18,C,0
217,2,Rodney Morales,male,49,3,3,ba05dd0f-a966-4a5a-aecf-1ed21861c9f3,178.54,Q,1
218,3,Mark Brown,female,31,1,3,a9e8f0d8-5883-49de-bb5f-be413fa2bde0,369.17,Q,0
219,1,Justin Torres,female,58,2,2,260e37cc-6287-4624-a433-1510ad21b4cc,332.74,S,0
220,1,Bailey Duran DDS,female,61,3,3,e45e2ad0-8eef-45dd-9391-6dcfd6cade2c,466.46,Q,0
221,1,Courtney Mills,male,24,3,0,02fb2869-0df8-4b89-9ce7-eed1fcdfe961,412.28,Q,1
222,3,Jeremy Dalton,male,20,0,4,816ce054-282c-4470-af32-f72aa4b5c723,287.64,C,0
223,2,Elizabeth Oliver DDS,male,37,2,4,7eef09ab-da14-4a47-b823-51d9d94df188,331.94,C,0
224,2,Theresa Clark,female,4,1,1,c05db774-132a-4e58-aa57-e880de9205ea,450.21,Q,0
225,1,Matthew Moore,male,20,3,1,54b58635-3dab-4614-9215-0ed87ddca413,205.76,C,0
226,2,Benjamin Smith,female,60,3,4,81c61eeb-0ce3-48c8-8735-4e4ff85b6d0a,170.13,Q,1
227,2,Kirk Carter,female,24,0,0,60ee64ba-a4b0-418e-8ced-470739034b65,15.3,C,0
228,3,Michael Warner,female,50,4,2,142e3df0-3c28-45dc-912d-aea8673d2920,415.01,C,0
229,3,Michael Bradshaw,female,49,1,2,92b26acd-cd1f-45a3-b1b6-5ca175873920,402.48,C,1
230,3,Lori Guerrero,female,51,2,0,7f9ad277-db49-4e6d-9688-782f72b696ca,61.18,C,1
231,3,Jessica Stephens,female,36,3,2,fb0d3cda-1e63-4261-90e9-688872730e7b,292.66,Q,1
232,1,Susan Serrano,male,66,3,3,048c8480-a743-4402-bec7-fb117f53dc0a,237.35,S,0
233,3,Christopher Parker,male,79,1,4,092c4801-698f-44f8-a747-d24a1a46d536,68.17,C,1
234,2,Laura Roberts,female,34,4,4,d36ec1bd-000b-4f5e-8c91-bd138ea02346,490.48,Q,0
235,1,Michael Lyons,female,36,3,0,f692641a-9aad-40ce-8ab2-4f241744ee3f,115.2,Q,1
236,2,Kathryn Snyder,male,6,1,2,e3de4ec0-4dfa-41be-a335-b2c89e7b1e95,42.94,C,0
237,2,Andrew Reynolds,female,39,0,1,a7939a2e-34f4-4404-8ff5-070182226c16,301.48,S,1
238,2,David Davis,female,42,4,1,57423882-f34a-4949-b4ca-0ad7abe5be96,372.04,C,0
239,3,Sara Johnston,male,58,2,2,d10bf4dc-0de4-4af4-9347-94cc5d04032d,25.9,Q,1
240,3,Yvonne Chambers,female,12,3,1,54fc286f-7457-4d47-9825-301039112943,332.77,S,0
241,1,Andrew Avila,female,3,1,0,99966612-9ea8-4552-8475-66bf8f660bbd,270.82,Q,0
242,1,Matthew Moon,female,18,0,0,5d00df1b-a83c-4c2b-b776-e729791f49f6,60.6,C,0
243,3,Kevin Walters,male,40,2,2,18f1a1e4-1d30-4290-b3d9-2aceb7461b72,94.54,S,0
244,2,Brandon Bailey MD,male,21,1,1,008ffab9-38c4-4b38-a8ae-57b9c262cad0,288.31,Q,0
245,1,Shannon Rivera,male,15,1,0,a2379e6f-d473-4534-9aea-635257632e1e,155.22,Q,0
246,3,Donna Landry,female,26,2,0,8c357321-4abf-4f5c-8cc7-147ff6e5203c,469.77,Q,0
247,3,Krista Gibson,female,8,0,3,1b37ef19-b3bc-412f-9fb7-474e85a0d089,411.18,C,0
248,3,Frank Cordova,male,42,0,3,7e0f60b2-2a06-4609-a599-bd3c0bb81d38,491.95,S,1
249,2,Jose Travis,female,44,4,0,be153187-b783-41d5-9264-04b923f47a55,137.24,C,0
250,3,Kimberly Gutierrez,female,14,3,2,41191aa7-1b61-4453-a8c2-094db8b818cf,485.16,C,0
251,3,Isaiah Avila,female,78,2,4,1ee93260-3002-4831-b227-e8d89c60c81b,221.3,C,1
252,3,Olivia Harris,female,2,2,4,3730dfba-6494-4d5c-9a29-6905ee22a70b,180.28,S,0
253,3,Tanya Kim,female,37,2,0,30c9c51f-c80b-4af7-9315-fafa7500f785,34.67,C,1
254,1,Barbara Dudley,male,69,0,0,c1d48a10-1b96-4925-9682-d038b77f69b9,35.85,C,0
255,1,Cynthia Moore,female,38,3,0,a21c0c06-ed37-4567-8be7-728e6a1aba9d,349.09,C,1
256,3,Kristen Davis,male,41,4,2,1f8b4af1-96bc-432d-ac11-7babd6642fe8,234.39,C,1
257,2,Susan Murray MD,female,62,1,3,75175f39-7354-44fb-a44a-0371c5ab4e57,121.0,Q,0
258,1,Kathleen Moran,male,60,1,0,811317a8-f4c8-4393-96dd-6c82a8909e31,310.85,C,1
259,3,Denise Davenport,female,14,2,0,011c4544-7fb3-4be5-b6bf-2f7222778161,133.9,Q,0
260,1,Mrs. Kristen Reyes,male,2,3,1,8da03d88-0c6f-4051-bc78-842387c5f526,293.04,C,0
261,1,Katie Suarez,female,70,0,2,95ca788d-d6bc-4712-aecc-a931ef705d01,186.01,S,0
262,2,Desiree Tyler,male,17,3,0,c7f4f4f9-8222-4ad3-aca3-91d47ba16dd7,413.54,Q,0
263,3,Timothy Romero,female,28,3,1,b11af726-2d5d-4395-a901-a768ebd14b0c,412.14,Q,1
264,3,Diane Evans,male,66,0,4,d0b3d752-bb01-42a5-ac74-5800941c23fa,243.9,Q,0
265,2,Yvonne Burns,female,35,2,0,a8535961-632d-4302-9a82-833c20dda0ff,181.9,Q,1
266,2,Joshua Reed,male,5,3,0,52645a59-e1f8-4b33-9b2d-5a2a99bd6240,187.65,S,1
267,3,Kimberly Gibson,male,65,1,1,6b2d9ccc-6279-403c-a1a2-cfe7810d5c57,404.8,C,0
268,3,Colin Terry,female,40,0,2,b148b2a6-ea79-47e1-9be7-02abfac08fc4,170.81,Q,0
269,2,Cynthia Rowe,female,76,4,0,65daced0-460a-4125-bf8c-93d4c32afc4a,112.44,S,0
270,1,Patrick Thornton,male,56,2,4,4b4ef503-f872-4413-97c5-982cf6ae10e8,51.5,Q,0
271,1,Jasmin Alvarado,female,36,0,0,235fc3d5-2224-4806-8e07-2a5273edb223,238.68,C,1
272,2,Veronica Simpson,male,45,4,4,e2ed8686-b334-42cb-9a3f-0ad169a9aff9,246.24,Q,0
273,1,Jonathan Lawrence,male,23,4,3,d7d3b9d9-4c85-4233-8325-bd9ebf98e734,422.05,S,1
274,2,Shelly Alexander,male,47,3,3,505c7527-dc57-446d-8c3d-031ab3952193,118.41,C,0
275,1,Joyce Bowen,female,31,3,4,8db78572-ef7d-4821-bca0-258eb63d65d5,196.69,S,0
276,1,Matthew Moore,male,11,3,2,35afbb2d-336d-4786-b7a3-c30aa1f0fa7a,406.12,C,0
277,3,Wayne Morgan,male,10,0,0,afc5c20e-4a63-4af5-b6e1-e7ac9fc97264,413.58,C,0
278,3,Marie Christian,female,67,0,0,21f6c63d-ac20-4f11-abd3-3927586528e6,198.46,C,1
279,1,Shannon James,female,14,2,3,f9a55cf2-a66c-4fa1-b5dc-8a9afb38cd91,234.97,Q,1
280,1,Nathan Malone,female,74,3,4,8ae0b8a0-80ff-4909-ad85-2212f554e1f8,158.61,S,0
281,3,Amanda Jones,female,10,4,0,b5d9ad36-5287-464d-a30a-6658b1be6df2,466.95,S,1
282,3,Tammie Bright,male,76,1,0,8ff19886-5a2c-41bc-82c2-26ff1d8b32d9,68.14,S,1
283,3,Jessica Garcia,male,1,2,2,f1530f68-9215-483a-9532-caba7af985ff,467.54,C,0
284,2,Shelia Wallace,male,5,0,1,ac9b389a-6adf-4568-b5ca-a993aacad101,345.09,Q,0
285,1,Stephanie Williams,male,20,2,3,88addab1-d765-4a18-a4d4-66ebbf74531c,270.47,C,1
286,3,Elaine Brooks,female,8,2,3,6c21835d-d8e8-497c-a0a2-59014932936e,26.0,S,1
287,1,Joseph Knight,male,43,2,1,1b41a61e-85d1-41ef-8344-edb3ceed0ffc,243.04,Q,1
288,2,Carolyn Miller,male,76,2,0,0d95aaf5-2534-41bc-a180-b78a06783c34,209.8,Q,1
289,2,Lisa Allen,female,1,1,2,4458b006-332c-4e0a-8e7d-a698ab95c72f,89.0,Q,0
290,3,Briana Murray,male,57,3,2,fbc8c77e-2933-4fc4-8918-a346c00c200c,331.64,S,0
291,2,David Smith,male,64,4,3,257c54bc-4024-4424-aef2-ab2f495fa2fc,485.86,Q,1
292,1,Stephanie Byrd,male,28,2,2,c8cba592-b0ca-42eb-8fe1-621ad6e1ba00,285.47,Q,0
293,3,Jeremy Reed,male,37,2,1,8a8a4105-c0eb-4875-b439-67294b8e5509,360.23,C,1
294,1,Margaret Coleman,male,47,2,0,73dd3bc6-d064-45a8-9bd2-9cb108453b2f,43.54,C,1
295,1,Ryan Gonzalez,male,76,3,1,acef45c4-de37-40fb-9db9-4eee1a3c2131,214.66,Q,0
296,2,John Young,female,37,0,4,396c357b-dd66-4071-8fd7-b1a1bd4f6118,67.02,Q,1
297,2,Laura Haney,female,49,0,3,638e1388-8faf-4d4a-a5a9-9ebcbe0ec2da,310.27,C,1
298,2,William Barrett,male,44,1,2,cbfd4a31-c8c8-4ad6-82cb-cdc73cd30e99,469.86,C,0
299,2,Keith Jennings,male,56,0,4,b1644235-49a2-4fde-b235-7a3ccc7f9517,334.27,C,0
300,2,Amber Obrien,female,28,2,2,61af663c-ed2e-4bcd-8c06-df90aa1c4023,47.63,S,1
301,3,Tanner Mitchell DDS,male,79,2,0,c9c1ad45-f4ea-4b97-aaa4-15b56336c815,183.79,S,1
302,1,Heather Fields,male,6,2,0,f740d87c-500a-474e-af65-e8ccf9cf8499,279.83,C,0
303,1,Megan Le,male,61,1,0,be6127a8-0351-409d-8dc5-fb068d5809b7,207.57,Q,1
304,1,Sara Fuller,female,20,2,2,de6cf36b-9edd-4182-b3fd-862d4057e470,418.49,C,1
305,1,Maria Parker,male,78,0,4,716ca1f2-dec0-4f3a-9c46-1b34c7eab19b,409.19,S,0
306,2,Kevin Oconnor,female,2,3,0,a23ff67d-e957-4bc2-b9bd-8bd6d479cc36,309.8,Q,0
307,1,Edward Burgess,male,73,3,4,5e244824-a5cb-4c6e-b5a4-c55bb4629214,192.99,S,0
308,3,Carlos Ryan,female,37,4,2,bd0b0fa2-8bee-483f-96a0-6bf2c14ebd10,135.11,Q,0
309,3,Kiara Mcintyre,female,20,0,4,b993ff63-c6b1-4d94-b24b-cc3d9a7791a2,61.88,S,0
310,1,Dawn Summers,male,26,2,2,72e588e9-4b4f-4b2e-b189-10ecf6dbb2b6,183.9,Q,0
311,1,Dr. Paul Morgan,female,29,3,2,13106665-aec2-4b19-bbc3-98d82d6bc882,212.45,Q,1
312,3,Victor Taylor,male,1,0,3,bc2e2b59-2c7d-4667-b664-c7202fddb26a,341.15,Q,1
313,3,Shannon Ramsey,female,35,3,2,0a670143-6090-403c-9e8d-f8ad838b77ad,332.5,Q,0
314,2,Tracy Ballard,male,70,2,2,43a534d2-8e7d-4f5a-8773-e66a6db2b020,44.35,S,0
315,3,Richard Smith,male,59,3,1,d89462e8-9580-4c3a-a932-a211214c0a4d,203.68,S,1
316,2,Jordan Chambers,female,69,4,0,77617d80-549f-434c-8171-f5a74148bd11,99.07,Q,1
317,2,Lauren Carson,male,33,4,3,0a398bf7-27a1-48a0-afff-a2f4b5ae329d,86.84,Q,1
318,2,Ashley Hall,male,51,3,3,98cd2655-5297-41ad-adba-948427591ad4,415.38,S,0
319,2,Stephen Hoffman,female,78,0,3,a0180791-eeb0-43fe-860e-a4d50d04dcb6,30.54,Q,0
320,2,Connie Brown,male,12,0,1,4d187b75-a971-431f-97d8-05949d9887bc,215.4,Q,1
321,1,Susan Turner,male,20,0,2,8cd74c27-929a-4586-8a37-6c367d94bf10,92.42,Q,0
322,3,Charles Shah,female,53,3,0,b52a9e6b-c8b6-48e0-92a8-50c55bab7f4a,440.87,C,0
323,2,Johnathan Davis,female,43,0,4,f4fd25b7-384f-4e3b-8680-4a8a515f352c,282.95,Q,0
324,3,Brandy Chavez,male,50,2,2,c948384b-1174-4357-8546-74262f120b9e,123.38,C,1
325,3,Natalie Bautista,male,29,4,1,8b074d1a-6a7a-4841-a8cc-812a8150e0c9,256.19,Q,1
326,2,Patrick Moore,female,57,2,2,597278c5-1789-4e63-a746-5743897b303d,368.43,S,0
327,1,Brett Burns,female,39,0,2,a9d049dc-369e-4af8-a226-49ee38a06ffe,479.48,C,0
328,2,Trevor Johnson,male,56,2,1,4b27b079-5c5d-4f1b-94c0-c6c254f6516e,118.02,C,0
329,1,Jeremy Sampson,female,43,0,3,9e47a339-c0ae-4b1a-b347-673637ec07a6,444.23,Q,0
330,3,Ariana Jennings,male,50,3,3,8fb3a134-ff23-46e9-b990-3d9687cec69d,467.81,Q,0
331,1,Vanessa Howard,male,23,2,0,a6388854-fb2b-4b80-808b-d674d2dd3e26,459.05,C,1
332,1,Colton Martinez,male,44,3,0,5893ef12-ab3f-4d22-9d5e-6aee0240f59a,321.35,S,0
333,1,Jordan Bates,male,38,3,3,a46b6fce-e78d-447c-bd87-703472173fa3,318.61,S,0
334,3,Linda Smith,male,23,1,4,3e6b74fd-9f02-4cbf-ab29-d9129d1b83df,207.57,Q,0
335,3,Dana Martinez,female,45,0,2,e2ba9fce-aebb-4f9c-8a35-653cf57a431e,378.67,S,1
336,1,Andrea Hubbard,female,52,4,4,cbd431cc-ea7a-4c21-a1a1-a29c5228ed8d,270.33,S,1
337,1,Daniel Kane,female,50,0,2,41afeb2a-62c8-43f4-9d06-149ef1eab64a,341.94,Q,0
338,2,Charles Lester,female,8,4,3,06531d47-4867-4b30-b956-77318a4cfe1f,219.94,S,1
339,1,Scott Thomas,male,1,0,0,c53f1db3-d275-4d43-8451-7303e94d4fbe,368.43,Q,1
340,2,David Thompson,male,8,3,0,823c7ef9-cd85-45ce-83a9-c2355ffd4015,413.99,C,1
341,1,Allison Smith,male,29,2,4,4be318a8-0b39-4ccf-bc9f-3bc37210045a,81.75,Q,1
342,2,Cynthia Morris,male,5,2,0,5200044b-3148-4df8-a6ca-8d50e5f5c891,418.14,C,1
343,3,Anthony Harmon,female,47,1,3,189099c9-f2be-429f-9514-9755838e9a61,274.75,C,1
344,1,Nichole Alvarez,male,34,4,4,c5f833cf-f4ce-4477-b8bc-a9ac2ada62ce,423.89,S,0
345,1,Kayla Rodriguez,male,65,4,2,a07eafb1-01e0-4ad8-8880-2d4d89b8b7ee,221.34,S,1
346,1,Theresa Williams,female,55,4,0,a127dc6b-ab9b-453d-b5f5-c65410c2c2e5,195.73,S,1
347,1,Sharon Boyd,female,43,3,1,af76b6c2-dd6d-4b41-b692-a531c6097cd8,458.38,Q,0
348,2,Victor Brown,female,74,4,0,34a0dcd4-1a9a-429e-95ee-25876c98fd9b,133.07,S,0
349,1,James Parks,female,30,2,2,e0ee5e8a-b3e6-44c6-9428-df6c89aa4293,423.66,C,0
350,3,Theodore Jones Jr.,male,17,3,4,6f6bbdf3-c673-42e0-bdca-c10ff9e9cf93,247.17,S,0
351,3,Ana Hill,male,26,0,2,12767d13-f093-4776-9116-d014a5850828,261.91,S,1
352,1,Kimberly Nguyen,female,8,4,1,0614ac41-275c-45dc-afa0-8cbebf343ca7,161.15,Q,1
353,3,Kerry Chavez DDS,male,47,4,3,09b2eae6-54eb-4c91-b784-ae08758fc8fa,290.79,Q,1
354,1,Michael Farrell,male,76,0,0,2d90e4ee-0de4-433e-92c0-620c1667c518,169.35,C,1
355,1,Patricia Le,male,72,4,4,12087e20-8ede-4b46-807d-0affcb51a911,29.24,Q,0
356,3,Jesse Perez,female,46,0,3,e9366a85-3a46-4be3-9255-a4de9330ba83,143.28,S,1
357,1,Jesse Perry,male,68,3,2,737cf8b5-6356-4add-a85a-9f2b4236c0bf,13.13,Q,1
358,3,Jeffery Ortega,female,33,2,4,50ffde64-6eda-4a8c-a789-e7d0a155eb2c,489.39,C,0
359,2,Christian Leblanc,male,1,0,3,1e494952-ac5d-4e57-a3b6-64f40452f779,483.22,S,1
360,1,Ronald Davis,male,19,1,4,b864a47b-a434-47fb-8182-978288eae7d4,203.63,C,1
361,2,Parker Cain,male,31,0,1,bef6a59a-c186-4221-9030-56b79e4c24dd,366.9,Q,1
362,3,Laurie Hoffman,female,14,4,1,d926fe41-b36d-4121-8ba6-fe0995ea6825,179.44,Q,1
363,2,Bryan Gomez,male,53,3,0,80b9ec30-ed94-498b-9b92-3c67129538df,338.84,C,0
364,2,Nicole Parrish,female,48,3,0,af95be79-c971-4f51-8a32-bb221b2bb2ec,404.66,S,0
365,3,Tracy Burke,female,69,0,1,481186e9-1625-44ca-9b47-e6394d2551eb,473.91,Q,0
366,2,Kenneth Lewis,female,62,2,4,61a451ff-700b-4b43-ad3b-9d13c3e90323,206.1,Q,0
367,2,Courtney Rodriguez,male,66,1,1,07e3c39a-a925-4745-9276-9c9665262474,393.82,S,0
368,3,Holly Farmer,male,64,3,0,38491ecc-8891-47fd-a804-d0ac795741bb,140.3,Q,1
369,2,Renee Bruce,male,70,4,1,cbf925b5-6418-46b7-bf2b-43b422e9e527,495.26,C,1
370,3,Sabrina Austin,male,63,4,1,4b83b570-8bb4-495a-9976-b2bacc27f386,22.63,Q,0
371,2,Allison Hickman,female,73,2,4,4c4d6e40-24e2-426c-a250-d133f5cb5be4,305.73,Q,0
372,3,Debra White,female,33,3,3,f7222fbe-ea06-494b-a310-ff72ad62d094,333.16,S,0
373,3,Ellen Morgan,female,41,0,0,a5df6f85-bab5-43fb-9dfc-d1d5cb863dea,347.14,C,1
374,2,Sergio Knight,male,48,4,4,02dabd76-f310-4525-b517-9e725f857b21,68.99,S,0
375,2,Charles Schultz,female,13,2,1,243113fd-8e19-4d07-9ff0-b9bf8db3c2c1,469.88,Q,1
376,2,Paul Lewis,male,73,3,1,929daf9f-0149-42af-8ab1-a5041f8c56e0,98.78,Q,1
377,1,Glen Wood,female,77,3,3,8c2aa0b1-8982-4bf8-a4e2-89c098be5ff0,315.15,S,1
378,1,Paula Bradley,male,31,3,0,35c606b5-4e00-4d55-95ca-dfaff26d3dd3,119.11,S,1
379,1,Anthony Moore,male,75,3,0,b9d707a9-e74e-40b3-bdce-635fbf905d6a,160.54,S,0
380,3,Megan Nelson,female,68,3,2,e7d73d1d-69a3-4991-b634-646c5806a961,277.76,C,1
381,2,Karla Ramos,female,4,4,0,2477f047-8336-4758-99f9-3502a55bc44f,214.42,Q,1
382,3,Paul Wilson,female,19,2,3,9dec2b83-3885-4f7e-af1a-25a829344e15,88.51,S,0
383,1,Douglas Gregory,female,70,3,2,1d57e734-31bf-4cf6-80b3-af7cd5b211a9,93.76,Q,1
384,2,Mr. Andrew Foster,male,13,1,2,913a1734-ccb6-4571-abc5-35452e6d7a04,214.89,C,1
385,3,Aimee Turner,female,23,1,1,c04446bf-d9f4-4bbd-8dec-644cda2d2156,381.07,C,1
386,2,Chad Scott,female,75,2,1,8c8181b4-fe8b-4ccb-bd75-a5f3eeafca83,450.0,C,0
387,3,Adam Burgess,female,1,0,0,12b99a50-8cb6-41f0-a509-6396761579e7,51.22,C,1
388,2,James Padilla,male,54,0,2,402d105b-113e-4f84-abf3-90964a68369c,202.62,Q,1
389,1,Sandra Drake,male,71,0,1,94a1eab0-b9c0-47aa-b289-f58b1923cafc,59.12,C,0
390,1,Scott Williams,female,15,1,3,5b6d6b7c-54b2-4582-b398-1e9e7cb882a0,18.13,C,0
391,2,Thomas Atkins,male,65,0,1,3c0a584e-a7cd-43cb-abda-06b220d2b528,334.24,S,1
392,3,Laura Mckinney,female,76,4,1,11defebf-9e98-461d-88fe-bf6d199c8d94,305.2,C,1
393,1,Brian Smith,male,71,3,2,7c6166df-515a-4b43-b189-1f48e66e2c11,89.88,S,0
394,1,Robert Montgomery,male,15,1,2,a8cfe589-9dc8-4e1a-940e-7d01735d88f3,124.57,C,1
395,1,Tamara Davis,male,21,2,4,27035b27-958c-4936-b186-78ce4e40bfba,21.62,C,0
396,2,Dana Chapman,male,19,2,3,cec56969-5d4f-4107-911d-dc7990c80420,419.12,S,1
397,2,Jennifer Collins,female,60,3,2,2b2bf58c-6da5-4dad-b56a-abc050fb35b0,487.6,C,0
398,3,Gary Jackson,female,33,1,0,c921057c-3f05-457c-902e-d818013ca998,76.38,Q,1
399,3,Ashley Hicks,female,49,0,3,a40dfea5-bd64-487e-b652-ae9938b5e89a,123.42,Q,0
400,3,Hannah Luna,male,35,0,3,5c074653-d711-43e4-86d4-7d416fa5d3b0,435.52,C,0
401,2,Robin Young,female,44,4,2,54e14f3a-bba4-4ae0-adf8-f7672261ddef,463.97,Q,0
402,2,Craig Morrison,female,11,4,3,7202fae5-767d-4b27-bade-4367e0bd202c,215.62,S,0
403,3,Mary Thompson,female,72,0,2,7caa281b-4e33-4644-8657-20ae5bd67d4d,34.81,C,0
404,3,Kathleen Webster,male,78,2,1,a542deb9-2cff-45f8-9bdc-74a98d3a5d76,29.3,C,1
405,2,Joann Glass,male,74,2,4,47d6723c-d77f-4eeb-94fc-3a5d9b4bf377,291.24,S,1
406,3,Madison Weber,male,66,4,1,e42c0aea-23d7-463d-9391-d017dbd4a86d,202.52,S,0
407,1,Lori Hernandez,female,46,3,2,bbc99473-4363-489c-b249-5cff89e2df24,24.04,S,1
408,2,Jeremy Turner,female,9,0,2,ba388c8f-1393-49d1-a06a-187de2e6e7a6,295.79,C,1
409,3,Anthony Romero,female,3,4,1,d97e8d3c-04c4-446a-a461-0160134d695a,15.54,S,1
410,2,Jesse Brown,male,26,4,0,d0095507-07fc-484e-a1b2-462781d67019,395.81,S,1
411,1,Angela Lin,male,72,0,0,c4ea4ece-67b6-4467-9432-d79794f6c67a,160.15,Q,1
412,2,Lisa Hunter,female,48,0,0,09624ec9-e803-42eb-b677-7be4970c9eb4,29.73,Q,1
413,2,Julian Conner,male,66,2,2,e4dc4306-8b20-4e3e-82b7-c0488d3543be,298.29,C,0
414,2,Joanna Pacheco,male,70,3,3,a7668617-78db-4de3-8a28-4792ffaca645,204.87,Q,1
415,2,Erica Alvarez,male,28,3,2,647ac591-5da6-4a3a-a60c-cfb4c6735380,487.16,Q,1
416,1,Antonio Garcia,male,26,0,3,96f01335-c5ab-48da-a435-4021392a9fc4,276.66,S,1
417,2,Gwendolyn Klein,female,25,1,1,22460ac9-4a7e-4bc2-9b6f-1c33bbb4c0ce,144.87,S,0
418,2,Carrie Wright,male,12,4,4,172e8c68-82aa-4c46-8049-9bbf76f6a778,357.63,Q,1
419,3,Jeffrey Mills,male,5,4,3,02b622e9-808e-48d2-9d26-4b1b6593b659,143.03,Q,1
420,2,Jake Campbell,male,48,0,0,f6c8b8b9-d915-4664-bd27-4ad5a9a54c24,453.08,Q,1
421,3,George Harper,male,37,1,2,af2537f5-9d31-462a-bb5a-bb36ce7968b7,193.61,C,0
422,1,Maria Jones,female,79,2,1,23ef5561-839e-4623-81d8-41d32a74b90c,279.44,C,1
423,1,Michael Mitchell,female,44,0,0,90fcc9f1-2ddc-456b-a8c2-cce9723b80d4,34.78,C,0
424,1,Mary Escobar,male,15,0,1,df482e7c-a8cf-4f62-90d9-170cf2dec75c,218.8,Q,1
425,1,Felicia Aguilar,male,43,4,4,bb64a525-bc65-4d94-a56d-4d11f7bd8499,417.86,Q,0
426,3,Gregory Ponce,male,48,0,2,0a58f43c-5bda-4655-b06d-ca247bc6e121,404.77,C,0
427,2,Jenna Larson,male,70,0,2,3b53f64b-7cd6-4da4-82ef-da8b38048786,119.92,C,0
428,1,Emily Bennett,male,46,0,4,3be8a5df-5e93-4de0-83ac-e8751017ab44,120.78,Q,1
429,2,Robin Santiago,male,43,4,2,8494205c-34ef-4552-ab28-6d090af57e60,410.48,S,0
430,3,Nancy Jennings,female,21,2,3,635a11f2-5c7a-483d-8a9d-2704e860bcb1,465.9,C,0
431,3,Maria Henderson,male,23,2,1,e1ad640c-7463-435e-aafb-9f20783c91eb,56.73,Q,0
432,3,Jack White,female,47,0,0,a605b7c9-fb07-4e93-8a37-31ab0be3534a,230.53,Q,0
433,1,Travis Tucker,female,15,4,4,f7ebc69a-b428-4f0d-9a6c-f45952f6531f,175.35,S,1
434,2,Chad Jones,male,25,2,3,4603c9ee-d463-4183-a231-72118578b1c6,436.64,Q,1
435,2,Ashley Wise,female,36,2,0,94213090-4368-4e93-bded-cb7ad5ba304c,50.93,Q,1
436,2,Sophia Johnson,female,75,2,0,606cc2f5-2c81-4bf0-91f6-04068b5a8683,113.45,C,1
437,3,Ralph Anderson,female,51,4,4,96721e98-5d84-46e0-a0e6-96ffa75743f9,378.71,C,0
438,1,Christopher Guerra,female,15,4,3,13ed280a-d5e1-4d1f-a5f2-2dfba741104b,35.13,S,1
439,3,Rhonda Martin,female,68,0,0,f9012b9c-6057-453a-8067-f79084440504,251.34,S,0
440,3,Jason Rhodes,female,21,3,0,67e54646-8430-40fa-b90f-ecf5e8410a39,226.63,Q,1
441,2,Jeremy Mitchell,male,13,2,3,585409d9-de22-4c3f-9136-6db15a578607,173.86,C,1
442,3,Joann Ferguson,female,19,3,2,e31db345-7b6b-411e-8aeb-99597ca2f582,203.34,S,1
443,2,Robert Harrison,female,34,4,0,e1ccff0d-8078-436d-81b0-62c19aad9234,269.67,S,0
444,1,Holly Valentine,female,78,4,1,3ae0acdb-2a65-44af-b09d-338b23936d45,89.07,S,1
445,2,Mrs. Diane Reyes,male,68,4,3,47e321c2-a4ba-48bf-83b8-fa0513bc0dc6,290.28,Q,1
446,1,Tracy Montoya,female,52,3,0,28489240-2fd9-4ce1-a676-27ca3625fc20,404.66,C,1
447,2,Brenda Wright,male,27,4,4,d123f7c1-b7a1-467e-9a1e-00365cbaa496,382.48,S,0
448,3,Shelly Spencer,female,29,0,1,6a241f46-3af7-4a21-a93e-7b5b1e4ae3a7,85.41,C,1
449,3,Ryan Rosales,male,28,4,0,1d03c3d5-b862-4cc3-9489-9c37cfa9026b,83.13,S,1
450,1,Phillip Nelson,male,35,1,1,7aa1219a-7a93-48bb-acdb-d5f27b44acd0,141.41,S,0
451,1,Brittany Kim,female,8,3,1,a5b2c7ea-2947-4f54-973e-129c35f0b1be,186.93,C,0
452,1,Courtney Hayes,female,16,1,2,3e612d66-05bf-4618-a930-b0c4d5576899,210.14,C,1
453,2,Alexander Brown,male,36,4,1,97a418b8-92d0-4319-a0bd-14220b0b81de,343.05,C,1
454,2,Cynthia Vang,female,30,0,2,833c8f55-a129-4fa2-a27d-4660293fc266,37.77,Q,1
455,1,Alfred Galvan,male,18,2,3,2598f383-9280-4da2-a40b-50e40a086989,26.99,S,0
456,3,Marie Moody,male,2,4,2,ec257a75-421d-4dca-aa95-59080e503fd8,202.04,Q,0
457,2,Dustin Gallegos,male,49,0,4,67cbfc39-f54f-4b92-8442-906f2e16f0b6,351.61,C,0
458,2,Brenda Thornton,male,77,3,0,a33b3dfd-9048-45c6-b820-5aa7996f7e88,104.78,S,1
459,2,Aaron Miller,male,4,1,3,ba5c865d-b834-4070-a0e5-f6e504c44853,324.34,Q,0
460,1,Ruben Dunn,female,75,1,3,f27f3ad7-4890-4b6d-9240-ef02a9681fc1,137.32,S,1
461,1,Kelsey Rodriguez,male,7,1,4,9b4547e0-72fe-4dc2-b772-aa9715f39d39,444.18,Q,0
462,1,Eric Williams,male,74,3,2,7b4e9ecd-de07-47b1-b8ae-8d5dfe268e77,448.89,C,0
463,1,Riley Bryant,female,39,0,0,6928043e-d492-451a-b828-3a052baa43c9,155.67,Q,0
464,1,Taylor Carlson,male,13,3,2,95284c0a-cb6b-4562-a488-c84d99d090fd,122.7,S,1
465,3,Jose Allen,female,31,1,1,9f8acdeb-2e8f-45a8-847a-3b7ed209383b,211.54,S,1
466,3,Jeffrey Mendez,female,71,4,2,2aefcf3b-43b7-40ef-82c4-1c54a8debd88,127.86,S,1
467,1,Jason Beck,female,63,2,3,ec1f41ce-57b9-4dfb-af82-e70cb9644e4f,339.47,S,1
468,2,William Jones,male,56,3,0,119fb03e-9731-4c91-98b6-691b74169e82,414.77,C,0
469,1,Katie Mcneil,male,42,3,2,21d8b96a-62ad-4157-a0d2-759a3ad51382,339.82,Q,1
470,3,Jeanette Harrison,male,61,0,0,85d0691c-33cd-4d56-843d-72db1bcb404c,413.93,C,0
471,3,Veronica King,female,42,0,0,af32baf8-811d-44af-a8ca-7483dc0e3375,204.53,C,1
472,2,Richard Cooper,male,56,3,1,9b02c535-2649-4478-9396-6f0a6b77af9e,86.6,C,1
473,3,Lori Ingram,female,36,1,1,e6cfcbd8-79d2-4001-ad6b-8a4e18a70609,371.6,S,0
474,1,Evelyn Williams,male,68,2,3,e0b4659a-09fe-4cdd-998d-65ba9d6022c5,186.63,S,0
475,2,Robin Thompson,female,7,0,4,c09c2ebe-80da-4ed7-880b-cb0ec8ab96ac,338.92,S,1
476,1,Julie Dominguez,male,54,1,0,a8cdf44d-7b74-4440-97db-4c2f1e158e2f,142.62,Q,1
477,1,Robin Brown,male,1,4,4,8a0ea57a-9a7d-409d-a6e8-790b215d3b1f,49.8,S,0
478,2,Judith Carter,male,44,0,3,f00f63ef-e59f-41c2-804e-a81ad3d877a8,496.37,Q,0
479,1,Curtis Williams,female,45,1,0,6e76936a-a634-4d1a-adb6-10f4c65de86e,86.54,S,0
480,3,Kaylee Hays,female,47,1,0,dff47c51-5ed1-4e7f-abb1-f2bc85a4b0cb,494.33,S,0
481,1,Dawn Mullins,male,13,2,4,6dd013f3-87a2-4e22-b298-b8110b1ec578,488.87,C,0
482,2,Howard Norman,male,22,2,2,7b6c7129-cd63-4ba8-b03c-664b3abf9c65,398.97,C,1
483,2,Evelyn Martinez,female,21,4,1,59bb8900-6198-4718-84c7-aab4ca20508d,333.12,C,1
484,2,Steve Paul,female,9,1,2,e869707c-bdcb-4ffc-8dfb-a4e996cbdafb,293.13,Q,1
485,1,Jasmine Beltran,female,26,1,4,937ca77c-b25b-4de7-9652-1e08c2f43c10,434.39,Q,1
486,2,Jonathan Glass MD,male,9,2,1,412817eb-2246-49cd-acec-df821903f9b3,151.83,S,0
487,2,Monica Miller,female,15,0,2,e8fb5a96-3b85-46e1-840f-54057a25ed81,239.16,Q,0
488,1,Samantha Gardner,male,10,0,1,9929afeb-4884-4a14-9575-11addbeae9f8,313.5,S,0
489,3,Bobby Guerrero,female,42,3,0,41ff81d1-689d-4205-8b31-f4d8e073c1d0,211.48,Q,1
490,1,Lance Simmons,male,72,2,2,be5f902f-b58a-4738-8166-72213063ae7f,219.47,Q,0
491,2,Heather Williams,female,24,3,1,85c53910-93f6-4723-81d2-3a76ca179780,171.84,Q,0
492,2,Heather Bolton,female,49,2,1,6001f54d-01d7-4831-850f-1cdc1e2a03f1,286.47,C,1
493,1,William Gould,female,26,4,1,cde5c35a-b011-4b0a-b496-51d6a79055b0,426.78,Q,1
494,3,Mark Cox,female,37,1,2,1b4909b6-5cbd-4682-a8aa-123650deef43,108.75,C,1
495,2,Meghan Cisneros,female,68,4,3,95dad216-a6cd-4e3c-ad13-0705279f91ab,467.87,C,0
496,2,Lawrence Harrington,male,50,2,2,893e2b89-dadf-4499-82e4-bf0140ee131d,347.65,Q,0
497,2,Austin Osborne,female,24,1,4,9ca4364d-5d9a-49f1-908e-3a956c6e8796,413.4,S,1
498,1,James Bradley,female,19,0,2,65bf8e04-ae3c-4ce6-bde6-849b468b22af,282.53,S,1
499,2,Meghan Rush,female,60,0,1,8d56bff6-69c9-420f-b425-449cc145d6ba,391.96,S,0
500,3,Phillip Berry,male,39,3,0,2dc09158-7b83-41cf-8ebc-6d7ec8a65b85,17.94,Q,1
501,2,Jennifer Banks,female,74,2,2,7bd7b4bf-8e0e-4bb7-8f20-c5e75ec646eb,411.01,S,0
502,2,Brian Fitzgerald,male,18,2,2,93e0f235-4e80-410b-bd0e-e0b640f7924b,29.67,C,1
503,3,Mr. Justin Green III,female,19,0,1,65ebd4dc-b49b-4b72-8631-9c165827bc1d,446.06,S,1
504,2,Zachary Mitchell,female,36,4,0,dd23ff41-dae1-4586-a358-755cbc5c3cd8,496.06,Q,1
505,1,Katherine Martinez,male,74,1,0,3ad24ac8-bf70-4042-9e7c-6795a8c6c2df,154.09,S,0
506,1,Jodi Roach,female,55,4,4,f301bb6c-b306-4300-8879-d93272540ab7,113.06,C,0
507,1,Brandon Fleming,male,69,4,2,8222cd7f-36e6-4a85-99ab-dc15296b67bf,385.03,Q,1
508,3,Emma Reed,male,47,0,0,cd04c001-56a3-4ccc-893c-9cc6668b28da,133.98,S,0
509,2,Joshua Vance,female,49,0,0,af3f9d9a-b272-4aa7-9d30-c42e8cf29000,434.13,Q,1
510,1,Michelle Ho,male,33,0,3,639c4c6c-2926-405d-8d53-551ab4f02f6f,60.39,Q,1
511,3,Rebecca Hicks,female,21,3,3,cdeb2696-015a-4a1d-a2c8-cf62f6ee137d,71.72,Q,0
512,2,Curtis Taylor,female,22,4,0,78bf46fa-2534-4e85-92c0-dec2175194d7,489.78,S,0
513,3,Allison Spencer,male,48,2,4,1690636b-6f74-455d-99a9-af6aed054732,340.18,Q,0
514,1,Robert Arnold,male,37,1,0,5eef0d1e-38c5-4f5e-8359-ff43106793b6,424.97,S,0
515,1,Angelica Parker,male,15,3,1,b9787c4b-09aa-4570-9be9-50c7147d7bfc,168.92,C,1
516,1,Dr. Kelly Hammond DVM,male,35,2,2,6690a951-fc04-4a7a-ae41-5f166263307c,341.48,S,0
517,3,William Day,female,71,4,4,49560c36-8560-4e8a-a7fb-19979d2cd944,301.18,C,0
518,3,Michael Cooper,female,32,0,1,0eb5e5a7-98f3-4640-b6a9-e3e3b62bccb1,305.54,S,1
519,1,Penny Bowman,male,11,4,4,2cde9187-d1fa-42a6-860b-340cf21a6f38,344.44,Q,1
520,3,Vincent Reynolds,female,10,1,1,02bdeabe-7060-48eb-be8e-ed12a3ea21a2,291.93,S,1
521,1,Amy Martinez,female,73,3,2,ee462fcd-a829-407c-99be-ccff33a315f3,220.24,Q,1
522,1,Christopher Morris,female,78,3,2,31dae817-4937-490f-84a5-b18bcdcd0a34,145.2,C,0
523,2,Hannah Everett,female,77,1,3,82b34384-9979-4f26-88b1-90e1089a9f4f,386.6,S,0
524,3,Sarah King,male,57,2,1,9d7d1756-3b4e-49f5-b2cd-9a0a840c5cb0,120.87,Q,1
525,1,Krista Martinez,male,25,2,3,5c17ebb5-093b-4d72-ac8c-dcaf2b633b18,349.25,C,1
526,1,Joseph Shaw,female,2,3,1,f9c3ee05-0012-4399-a7af-55453d3fec1b,124.33,C,0
527,3,Todd Moore,male,64,3,3,46a3cc71-ff2f-4883-963b-5481284e4cd4,316.41,S,0
528,2,Michelle Jacobs,male,35,0,2,ab6ef8dd-5a66-4316-a641-4954c798a445,376.07,C,0
529,2,Kristy Bryan,male,7,2,4,33478a91-9609-498e-a7cb-a27a65281970,117.17,Q,0
530,1,Angel May,female,18,1,3,b4209103-bca7-46eb-83ef-0f77848ac924,39.37,C,0
531,3,Marilyn Wang,female,67,2,1,8cb21aa2-1715-4c03-ab4f-36381190e515,74.18,C,1
532,2,Mark Jimenez,female,42,0,1,8f221604-d46b-4756-b9e4-39ef48d495a4,306.94,Q,1
533,3,Donna Frye,male,39,3,2,58f42098-591c-4524-953b-0f1fea3e072a,426.23,C,1
534,3,Dr. Michael Evans,female,41,3,1,39ee80ab-46c9-47e0-90c5-9550f69a0539,32.05,C,1
535,1,Anthony Gonzales,female,75,0,0,746b161a-31cc-4738-b68a-e9b79b3aa1d1,369.73,C,0
536,2,Mr. Lawrence Edwards,male,24,1,4,0130d66b-932d-4648-a769-b0f1ee01b9e0,177.25,C,1
537,1,Morgan Valencia,female,60,3,3,8198d1f5-6839-498f-accf-147242d7f112,244.48,Q,0
538,2,Bianca Wood,female,46,4,4,80cfb1db-1287-4313-8f02-6c2c1b414999,465.14,C,0
539,2,Emma Owens,male,19,3,2,1df44d3e-f26f-4b19-9708-013e4b541670,172.67,Q,0
540,2,David Davis,male,68,4,3,41f83199-f4ea-4769-8366-c189cd8d9f75,238.02,C,0
541,2,James Gilbert,male,42,0,3,cb1b8eff-d02a-4cbb-89b4-094ae048f1de,16.7,C,0
542,2,Sean Moore,female,32,0,0,71594914-b1b6-4ecd-8009-45ce932c3ec9,49.98,C,0
543,3,Kenneth Edwards,female,39,3,2,7bcf2b31-902b-4154-a088-5550f74f6900,136.71,C,0
544,1,Kathleen Robertson,female,36,2,1,56f401e5-c1e9-44fa-be47-27fdc51c91f4,23.65,Q,1
545,3,Mr. Alexander Landry MD,male,36,4,0,ae7cfd14-7577-4730-868d-a4b2f613bda0,319.37,Q,0
546,2,Cindy Gomez,male,3,1,0,dcad8ec2-963a-4333-a582-95dc75f1c654,218.94,Q,1
547,1,Johnny Khan,female,73,3,4,420079f5-1dc3-426e-bb62-659e0700749a,278.59,S,1
548,2,Julie Herrera,female,8,1,4,c9e55c47-a237-48c1-a1f6-dfbe114b3c79,95.58,C,0
549,1,Jessica Khan,male,70,3,4,b38046ef-ad4a-4b3c-b86a-f9ddfe83c32a,155.01,C,0
550,3,Pamela Diaz,male,41,2,0,6994bf84-50d3-4a03-8cd7-608f3adcb38c,335.27,Q,1
551,1,Kelly Lee,male,68,2,1,89207bc4-8439-4ed9-9a64-845ef49816ad,483.0,S,1
552,1,Angel Gordon,male,13,2,3,436ae2bb-d509-4e07-b368-d836027d3808,34.7,C,1
553,1,Diana Hays,female,49,2,4,66205167-17cf-475f-898b-cf673f8dcf96,446.29,Q,1
554,1,Barbara Hester,male,60,0,1,578cd875-d231-4372-bfb0-942cac777762,292.67,C,0
555,1,Robert Morgan,female,2,0,2,2db13deb-ee6f-4bea-8df7-164713769ff9,286.32,C,0
556,2,Nicole Gonzalez,female,60,4,4,37f3f32b-5a81-462a-9059-f77b79ff89d9,255.14,Q,0
557,1,Kathryn Williams,female,5,1,3,2ecaf629-44e2-4691-92de-d495e4f1e8e8,44.0,Q,1
558,1,Gary Wells,male,44,3,2,ee25356a-aee0-4ec9-bf04-18a9f2765513,54.04,C,0
559,3,Larry Robertson,male,27,3,2,bcb3636d-7fbe-4bb3-b0ae-d12de8f10194,304.45,C,1
560,1,Louis Martin,male,32,0,3,3df76a69-bc45-444a-bc1f-dff0331d58bb,177.07,Q,0
561,3,Nancy Evans MD,male,21,3,4,3aad5840-34ef-41df-83f1-9b58df6c0d60,459.46,C,1
562,2,Kim Erickson,female,8,0,0,d61a080a-3fec-4a37-95be-a8dc33e88249,209.23,C,0
563,1,Robert Richardson,male,72,4,3,c7688339-27ef-4357-9b24-9c2a9e5c5dcd,80.21,Q,0
564,3,Veronica Silva,male,50,1,3,1417c2f9-eb91-431a-9eb0-5b4a1b4ffd5f,360.21,C,1
565,3,Molly Watts,female,67,4,3,7e1f48c4-a9d6-490d-b4ad-fa22ad0205f5,153.74,C,1
566,2,John Coffey,male,44,2,2,db6a34ea-c3a5-4237-81b2-16cf9d23c3cf,267.48,S,1
567,1,Paula Lane,female,58,2,1,d91738f8-0ad1-418c-b53f-091e8a9e0964,351.94,Q,1
568,1,Lauren Jackson,female,3,2,0,50bf2995-9ee4-405d-9f06-bc767b777e71,451.13,S,1
569,3,Lisa Randall,female,70,4,4,e1886146-fc40-43d4-a5eb-45497e0a04c2,398.17,S,0
570,1,Michael Johnson,female,2,3,4,4654e77d-de67-4278-9313-b3a7e5a1c6e4,341.42,S,1
571,3,Ashley Smith,female,44,1,1,c3a6b204-fc01-4a22-aed0-b0b27da56b6e,343.02,C,0
572,1,Christian Vaughn,female,2,2,3,65db6e43-47bf-4db7-82d9-a774ea7f6c7d,473.5,C,0
573,3,Reginald Knapp,female,35,2,0,20d4ba18-93a0-4478-800b-19de38db128d,154.95,S,0
574,1,Nancy Brown,female,30,2,4,6c5540f0-cc9c-441c-8696-99010ddca788,10.54,S,0
575,2,Daniel Nguyen,male,8,1,4,08560684-8a6f-44b3-b08d-312e7a732f35,143.26,S,0
576,1,Kelly Edwards,male,22,2,3,dc432ed5-64ca-41c7-98e7-edf880a23721,116.77,C,1
577,1,Thomas Peterson,male,44,1,1,750acc98-2cbf-4769-86a1-a468afb3e3ad,334.3,S,1
578,2,Raymond Le,male,58,2,0,84a91789-b2c0-47e8-9ed0-72e9f9fc6034,320.52,S,0
579,1,Melissa Bishop,female,36,4,1,0227b8d5-b070-4a53-90ce-857f75c72fb6,300.8,Q,0
580,2,David Grant,male,69,4,1,61223189-35f3-4e4a-ac92-04b40306a258,17.96,Q,1
581,1,William Evans,female,77,1,0,5c91f845-534f-496d-99ca-9c1b94bcf47a,367.1,C,1
582,3,Daniel Bush,male,31,4,0,2fe938e4-427b-4ffb-9ca1-adcc9cdf0664,168.53,Q,0
583,3,Gregory Peck,male,47,1,4,44f7f01a-3cb5-46d7-834a-130e8c6ea6ad,335.88,Q,1
584,1,Denise Martinez,male,55,4,4,57d52b78-9cf3-437e-b562-037b78aa16ea,282.72,Q,1
585,1,Jamie Baird,female,62,4,0,6c878546-7faf-4458-af14-f7775dad348e,177.94,C,1
586,1,Tina Ballard,male,30,1,2,c08fe6d7-b361-470a-ab49-acc635e574e0,75.94,Q,0
587,3,Dwayne Klein,female,55,3,4,668d3c8b-dab5-4d55-9d75-c03c5f4faf10,56.27,C,1
588,1,Jeremy Scott,female,16,4,2,9247e851-2e0d-4860-b362-f9b74795cd1d,417.44,S,0
589,3,Dale Ryan,male,12,2,0,af9e7a0e-936d-44a7-bab1-996a21925613,460.01,Q,0
590,2,Melissa Taylor,male,17,3,4,b8875caf-1991-403f-906e-ccbc3a8359b6,328.4,C,0
591,3,Laurie Sanchez,male,16,1,1,8e2ac3ff-3c5d-4a42-8dd8-af09451b6267,60.68,Q,0
592,3,Kiara Little,female,12,3,0,323132fa-6181-42de-9b37-0ca76ea5e341,206.99,S,0
593,2,Jason Love,male,8,0,3,bd1116ee-f58a-47c7-8ccf-4130255603d4,367.18,C,1
594,3,Randy Smith,female,3,0,2,027e789c-ce40-483b-b915-ad7e2648c819,392.11,C,0
595,1,Tanya Russell,female,16,4,0,226cbc6a-7fe5-44b6-abe8-c7562d36226c,67.93,C,0
596,1,Sherry Woods,male,30,4,0,a1726883-d971-4e00-a4ad-5e9bfedd22d9,10.02,S,0
597,3,Victor Morris,male,23,2,4,50d3802d-b876-4455-88b3-152d845a91b8,358.95,S,1
598,1,Susan Davis,female,5,3,4,403fd582-4ccf-4a4b-bc93-243ec90b9454,184.73,S,1
599,3,Kimberly Sharp,female,65,0,4,0c36ad4e-915d-4a63-9bc6-c9288fe84e20,134.7,C,1
600,1,Susan Thompson,female,30,4,3,29d0c613-b0c7-4002-9956-699065fdaadb,16.32,S,1
601,1,Casey Gillespie,male,21,3,4,411920f6-d056-4199-b728-ddc20f5e8b47,274.75,Q,1
602,3,Jennifer Simpson DVM,female,70,4,0,18a73d94-a13e-466d-96c6-d99779fe7ccc,427.06,S,1
603,1,Tammy Mcdowell,male,22,4,4,42803aa0-55ac-4d06-be9d-a9517329af6e,479.24,C,1
604,3,Keith Rodriguez,female,72,0,1,8eb7c306-8f73-498e-9c3d-0d5f5c6801d6,287.22,Q,0
605,1,Mrs. Virginia Daniels,female,32,0,4,581993cc-41f9-494a-8f5d-337fee8d5daa,262.09,S,0
606,1,Todd Rosales MD,male,33,4,3,59e110eb-1f09-4b9d-a969-29b20513eda8,51.68,Q,1
607,2,Brian Martin,female,16,1,1,9b0707e5-f68e-4e81-adf9-568bde0bde18,278.95,Q,0
608,2,David Lopez,male,76,4,0,a65d958e-936d-41a8-93ac-b00e32eeeb38,196.19,C,0
609,3,Rachel Bradley,male,38,4,0,fab8328f-2cae-43a2-89d7-16efa62d7221,307.5,Q,1
610,2,Casey Chase,female,14,2,2,53391df4-5ae8-4d18-88dc-1e26c7c2564a,200.48,Q,0
611,3,Samantha Robertson,male,36,2,1,c655a597-7ccc-43de-82ac-7e1dac565da6,127.75,C,0
612,2,Michael Lopez,male,23,2,2,141283fb-e3be-43d6-b26a-030dbc8cfa8f,56.53,C,1
613,1,Franklin Wright,female,66,1,1,76b874d3-4959-4bed-9d19-11a5618dde71,164.31,C,0
614,3,David Molina,male,2,1,1,de46222e-2514-47ce-b4e3-5f7ba1b7e3d8,57.36,Q,1
615,3,Elizabeth Sharp,male,73,4,3,edb68b81-cec6-4cfe-a3fd-17f02ae63af6,96.68,Q,1
616,1,Matthew Schwartz,male,65,2,2,9cc05b67-a19b-424a-abfc-2a47565f1491,493.79,Q,0
617,3,Bryan Parker,female,75,1,3,e835f080-d951-4f98-a79f-2f429256d707,227.61,C,0
618,3,Jonathan Jacobson,male,67,0,1,57f7d71f-2978-4c73-9440-adec12439b0f,270.62,S,0
619,2,Emily Wilson,female,52,4,0,a72bdddd-511e-4eb8-9040-5c433a6c7da6,438.07,Q,1
620,3,Elizabeth Mendez,female,62,3,1,9afa8267-4479-4214-b5de-f8074a965478,497.83,S,1
621,1,Casey Hernandez,male,23,4,3,e33fc52c-4570-43e4-a53c-8f74a5076897,295.53,C,1
622,2,Lisa Perry,male,26,3,2,f0533851-dce0-42bb-87ed-ea0271e4dc42,408.11,Q,0
623,2,Kaitlin Medina,male,68,2,2,855c0a97-9640-4fcd-bf76-14495cf85eeb,170.2,S,0
624,1,Colleen Wright,female,55,3,3,2ad55c0b-69fb-4fe6-b346-1e07f72cb6c8,159.81,Q,1
625,1,Shelley Miller,male,6,2,2,20029d9f-05e9-4407-9aad-a0b12f132a6d,207.32,Q,0
626,2,Michael Miller,male,35,0,4,406bf02d-a97a-4f4e-bc10-871bba4f4b03,339.53,Q,0
627,3,Amy Kelley,male,22,3,0,bfeef19d-b360-4faa-be6e-9d47f0c0804b,344.27,S,1
628,2,Laura Hernandez,male,43,4,0,65a4c79b-2aba-44f9-b5e8-0364147f1f67,164.47,C,1
629,1,Joseph Wilson,male,15,2,0,efd1b588-1054-42d5-9876-35761a5ed196,75.27,Q,0
630,2,Kevin Davis,female,60,4,2,0dc78104-8c66-4766-b922-b440e0f1e44c,319.87,C,1
631,1,Rhonda Chavez,female,12,1,2,8623bc74-65a2-4cc8-855b-e95d06bfd9c4,72.88,C,0
632,2,Joyce Brown,male,49,2,1,1a9b0d42-154f-437d-befa-c198c3d6cd54,293.46,S,1
633,3,Robert Cummings,male,42,3,1,15956c42-27c0-4f89-9e3b-f1b34330125c,349.78,S,1
634,2,Robert Reese,male,38,2,0,63ccf604-e2ae-4f87-ae7c-a782a7a31d25,353.3,C,1
635,2,Amber Cooper,male,45,4,4,bcd2e8eb-3f55-40cd-bab7-127e4f32ea54,379.2,Q,0
636,1,Zachary Michael,female,35,0,1,205c8491-a061-49db-b172-f63648bfb602,437.7,S,0
637,1,Timothy Johnson,male,30,2,1,2bacf712-d6a9-49e8-86d8-95e5219b606d,254.98,Q,1
638,1,Randy Cannon,female,30,3,2,5b59f28e-a9de-4b26-88ff-eab0075072d6,367.82,Q,1
639,2,Maria Fisher,female,78,1,4,dd3ee854-5340-44b0-aa4f-4a80dc412176,313.39,Q,1
640,3,Janet Kane DVM,male,6,0,0,def3306a-f998-43f2-b799-fddb79e546e7,101.45,C,0
641,1,Michael Stanley,female,67,1,1,8c6d768e-45bc-43ba-af52-d36e8a63b93c,22.59,Q,1
642,1,Martha Bailey,female,7,2,4,f2cffcae-f833-4bfb-a296-e3f171e15b9f,149.43,C,1
643,2,Joshua Rice,female,52,4,4,9740b212-2d52-45f4-8a0e-c018b29769b2,227.09,C,1
644,1,Courtney Smith,female,14,4,0,bfb8abb9-a18c-4492-b4e0-079a98fb4727,312.38,Q,1
645,3,Edwin Nunez,male,73,3,4,6f5aad52-9061-498f-a096-521ea2c723d4,426.48,Q,0
646,3,Kim Morrow,male,15,4,4,88a613b4-a3b8-4f92-a3c9-0c6a86017633,106.16,Q,0
647,1,Gregory Hill,female,21,0,4,7b4d8646-58e0-458f-a8af-301f4f45f6f7,71.52,Q,1
648,1,Molly Rodriguez,male,35,4,1,16ed0330-ce01-4413-ba25-16fe8a27b0b0,482.11,C,0
649,2,Jennifer Miranda,male,66,3,0,6986305a-5da3-49cf-8ed0-730d711dc1dd,62.94,Q,0
650,3,Alexis Harris,male,2,2,4,02b3c948-4db6-4475-a7dd-1ac44282b6e4,244.46,Q,0
651,3,Andrew Harper,male,35,2,4,c21f84fc-d0bc-4ad5-85f8-0d9b00060d5a,296.93,C,1
652,1,Amber Yang,male,78,4,1,49694032-5808-4790-a2e4-9628d913057d,275.27,S,0
653,2,David Robinson,female,20,1,0,b011b125-0221-41e5-88fc-3da1781d5b6c,52.16,S,0
654,3,Amy Gordon,male,10,2,2,c166a8b3-f26b-4ebf-bdef-3b8eec0dfc3a,37.94,C,0
655,3,Robert Dennis,male,25,4,1,c4100108-0256-4389-8cb3-46637a211151,61.69,S,1
656,2,Kyle Chambers,male,66,3,0,98d53cf5-4afc-49e8-8c47-6b726e310234,296.94,C,1
657,2,Eric Thomas,male,25,4,4,8c57a277-01d9-49b4-8bf8-f29e3b30ee97,276.73,Q,0
658,3,Connie Turner,female,54,2,0,e1d55f85-6967-4586-b046-30085fa72012,124.53,Q,0
659,3,Travis Hobbs,female,33,3,0,3ff93134-650e-48e4-afe6-33f18f807d8b,322.51,S,1
660,2,Lori Simmons,female,36,4,0,a55fa725-bcb3-4168-b706-2cfa29cc0789,411.83,Q,1
661,3,William David DDS,female,14,0,2,3878becf-60dc-42eb-9413-c85063c4e76d,30.37,S,0
662,1,Emma Butler,male,65,3,0,a0152b5b-6c17-4150-9447-16cc4352acea,254.08,S,0
663,1,James Webster,female,54,0,2,ccca1e14-c3b8-480f-8440-8e983d53ec43,347.76,Q,1
664,2,Samuel Turner,male,52,1,4,b1a50a3d-cebd-4b2b-9cfb-bce7e8f2c584,133.63,Q,1
665,2,Renee Melendez,male,3,3,2,a60147c3-48e0-4502-8598-f3c8af449605,160.81,S,0
666,2,Tracy Grant,male,41,0,4,44d18524-cf0e-4567-882d-7fc1be3074f8,310.68,Q,1
667,1,David Harris,male,6,2,4,1186da93-da7d-4c53-b020-cf0669b41194,449.99,C,0
668,3,Tammy Boone,male,25,2,2,1c405045-4a22-4ae9-a2f9-cafe2eb23ca3,406.86,Q,0
669,1,Nathaniel Lee,female,13,1,1,73e88db6-9e23-43d0-b491-5c14a30b669c,295.73,Q,0
670,3,Michael Morrison,female,8,3,3,7df37378-9f6c-4ab4-b352-2c1845aa9503,367.81,C,1
671,1,Chelsea Gill,female,21,3,0,26f341c8-04f7-48c8-9215-b5033012f819,188.76,Q,0
672,3,Kristin Mendoza,female,68,3,3,05aa5eab-88f3-47ea-b83f-52740cb4afe1,324.07,Q,0
673,1,Felicia Krueger,male,25,1,0,4838a888-1a2e-4864-b8ea-ca362f999b2a,238.43,S,1
674,2,Timothy Hayden,female,79,3,0,703c1286-b717-44cd-a002-91bb44e9f8fb,103.07,Q,1
675,1,Zachary Mendoza,male,68,2,4,17172654-3b99-4815-8219-a9c7ba23b07a,353.85,Q,0
676,3,Larry Harris,female,45,0,0,3799a376-7e5b-4ac9-83c5-01fe269334ef,282.67,C,0
677,1,Kristen Rowe,male,60,2,0,c9254bb5-4fc3-4d4e-ab95-0c1d578799d9,185.72,S,1
678,1,Joseph Howard,male,12,2,2,5f13e10b-ff7a-484d-bf96-dd35cca99089,456.56,S,1
679,1,Jose Crawford,female,32,0,3,081fec82-ca9a-4f77-b26a-51a576b40672,20.26,S,1
680,2,William Harrison,male,13,2,2,c02553ea-d7f2-4678-9489-8025548b2ce3,164.73,Q,0
681,1,Suzanne Wood,male,31,1,0,4439940d-0e58-4770-a566-0316f39ef1be,37.87,S,0
682,2,Justin Walker,female,78,0,4,8b0ea0b9-1246-4474-a475-c0eec6913069,385.6,C,0
683,2,Dean Donovan,male,20,2,2,e54c8739-3133-439e-ae7d-952b785b8a07,354.03,S,1
684,1,Jennifer Hernandez,female,18,4,2,61af0e8e-d137-47e1-8005-353dd76f1e65,172.36,C,0
685,1,James Whitaker,female,60,2,1,f97f4994-1f38-4f55-833a-c4d6d4085391,341.07,S,1
686,1,Mr. Michael Scott PhD,female,63,1,0,62821d61-3fbb-4f57-b6f5-6f1cc4a531cd,204.01,S,0
687,3,Maria Henry,male,6,3,4,3f46057b-7165-436b-b997-c779c56f05e6,380.56,C,1
688,1,Robert Jackson,male,32,2,2,32fd73c5-0894-4176-be99-df69bcd49975,232.55,S,0
689,2,Katherine Stark,male,43,3,2,180dc855-c55f-4de8-bc3e-1d1975f94230,212.02,S,0
690,1,Maria Brown,female,2,4,4,355cca9c-fb6b-41dc-aa7f-7e0685695f97,468.02,S,1
691,3,Ryan Landry,male,60,2,0,f6121d2c-ae73-40eb-a39d-8fe7790b185c,132.93,Q,1
692,1,Pamela Gutierrez,female,23,0,1,289ac251-52b4-44e8-afab-cd734fe66636,69.02,C,0
693,3,Crystal Mann,female,31,3,2,bea6450f-0acc-423c-ba6d-bed8a110e887,296.43,S,1
694,3,Jonathan Brooks,male,5,4,1,1f44aa88-855b-4c5b-8cb1-457eeffad15b,484.97,C,1
695,1,Mary Jensen,female,34,0,3,4c7f03bb-a376-4c2d-bb31-dcdc40d91a8e,195.14,C,0
696,2,Mr. Aaron Arnold,male,10,0,0,0d559b64-e334-4bac-9c44-ebd132df8d45,40.4,C,1
697,3,Joseph Hill,male,2,0,3,f9287d26-37c0-487a-aaac-826edd18ab28,176.26,S,0
698,1,Alicia Li,male,11,0,3,6f2537ce-a206-427c-bc68-41d61ce8e12f,257.91,S,0
699,1,Renee Browning,male,50,2,3,cb5d2b59-2ad8-40ca-83db-7a2e531350e0,89.34,C,1
700,2,Brent Hernandez,male,31,2,0,6553b15f-1ea1-4b0f-95ae-b18b46ae7e06,332.47,Q,1
701,3,Joseph Ochoa,female,56,2,0,f80590f0-0249-4a09-be3b-1a40ca0553a2,498.9,C,0
702,3,James Watson,female,79,4,4,b0d515ab-c891-455d-94c1-76b90ac013d5,231.35,Q,0
703,1,Karl Branch,female,73,4,1,27ad8d51-98a1-4e4f-b03b-693479ab56d1,183.82,C,0
704,1,Michael Abbott,male,9,4,1,3fac4317-16e8-47b0-8552-f3c55f13fb98,206.35,C,0
705,2,Shannon Malone,male,21,1,4,af9a1168-1766-4795-bffa-b493285eed0a,66.42,C,0
706,2,James Tran,male,73,4,4,f83b1806-ee4c-4b18-96a2-d49d9e5f8273,442.8,S,0
707,3,Adam Jackson,female,28,2,3,0f5f9707-a008-4c20-8272-88e6ff39a117,213.26,Q,1
708,3,Mr. Richard Knight PhD,male,62,2,4,276732d3-a502-4c4b-9b03-34d80f4d6c40,199.76,Q,1
709,1,Joseph Williams,female,7,1,2,1b7e0502-ca9d-4831-894e-7397b38a3db1,333.25,C,1
710,3,Sean Clay,female,16,1,1,5115d7ee-3b90-408e-bce3-456320363a73,226.6,S,0
711,2,Anthony Jones,male,4,4,4,a50784cb-c9df-401e-8ef0-0de1fb4f1972,327.63,S,1
712,2,Stephanie Elliott,male,4,3,2,e44cbd41-ce36-492a-98e9-d0aac1b6edd4,40.11,Q,0
713,1,Timothy Edwards,female,40,1,2,05776108-3166-4c94-bbb2-4366704fe1a8,408.72,S,0
714,2,Laurie Goodwin,male,17,0,2,b972393a-5bb0-4d76-a0b5-7717b072afc8,470.85,Q,1
715,2,Jennifer Jones,female,52,2,2,0a1bebd3-e60e-4813-802d-a0fa227dcecc,327.9,Q,0
716,2,David Davenport,male,52,0,3,8f1c3fa0-7000-4009-b4e5-70ba7c3cc2bc,477.74,Q,0
717,2,Steven Rivera,male,36,2,2,7d76ab58-b271-415b-8af0-9ec34b726a7c,84.2,S,0
718,1,Brenda Hinton,female,38,2,3,8b2ab759-2fc6-44e6-9113-5d7e30952621,243.93,Q,0
719,1,Kathryn Mccann,male,50,1,3,77e8b762-bb7e-4979-92dc-bffd59008d65,304.89,Q,0
720,3,Jeffrey Roberson,female,63,1,2,994316bb-d4d3-43a5-9e1f-1619467ba9e5,295.05,C,0
721,2,Randy Friedman,male,63,0,1,290c4414-8df5-4b01-9c4d-b762ea1af7d2,206.72,Q,1
722,3,Raymond Johnson,female,62,2,2,730ad7de-27af-4ff9-87f8-9f6211a1e557,175.66,Q,0
723,1,Willie Henry,female,7,0,2,8aa6b006-436a-4b9d-91c5-6a004bb13407,72.14,C,0
724,1,Todd Reynolds,male,27,3,2,c6a28e4e-002f-4ca4-b43e-85315dfb1922,201.95,C,0
725,1,Mary Miller,female,14,0,1,bbd0fe6c-6108-4fcc-8186-722ba355ad05,89.7,S,0
726,1,Rebecca Marquez,male,71,4,0,9ea6ed4a-04ca-430a-a207-db202f7f2cd7,369.84,Q,1
727,1,Christian Dawson,male,5,0,0,9ec5405d-c6a9-4598-9d34-0833db592a19,112.33,S,1
728,1,Nancy Stewart,male,55,4,3,10372a5c-b893-408a-9219-02163d211daf,38.7,S,0
729,1,Aaron Parker,female,2,4,3,d1ad3e51-89f9-4de9-b798-0131a885a7b4,280.66,C,0
730,2,Derrick Anderson,female,62,4,1,aee7c7a5-8629-4fbe-b09b-48dd63329992,301.66,S,0
731,3,Jerry Peters,male,21,3,4,277529a2-8d2c-4e83-8407-26547f5f61aa,437.24,Q,1
732,1,Alexander Gomez,male,79,0,0,68e8f311-5295-4a96-887b-25d79cf023dd,292.72,C,1
733,2,Kyle Nguyen,female,21,0,3,18a440bd-1c47-40a5-9270-2b29a41247a2,179.29,Q,1
734,2,Edgar Hughes,male,10,3,0,0b34fc84-1111-4e29-a8ad-153985f0786a,403.48,Q,1
735,3,Steven Stein,male,58,2,1,2dbb45bd-2138-42e6-b013-a170d5cf3b4c,274.74,C,0
736,1,Laura Jackson,female,39,1,1,1b67f7bb-33bb-4382-8801-8e83df9d3910,48.85,Q,1
737,3,Charles Turner,male,5,0,4,08252b39-1947-4a42-b10d-c9d17c413a2a,287.27,C,1
738,1,Arthur Hamilton MD,female,65,1,4,637b3648-d617-49c0-a449-d64f922ddab6,454.93,Q,0
739,2,Mr. David Wright,male,13,3,1,9fbc879e-869c-4a8e-bd6a-b7c2a86d8706,204.19,C,0
740,2,Linda Gonzalez,female,53,2,3,0c90e028-4185-400d-971d-f5fdb38950ce,155.2,S,1
741,2,Eric Rush,male,45,2,0,b7c4b3ee-9b1f-46d1-b881-49dc5dc96097,80.3,Q,1
742,2,Manuel Brock,male,32,2,2,ebc8f6b7-ee22-4f70-8359-9c6d1224cbd2,84.21,C,1
743,3,George Ochoa,female,36,3,4,edabddab-7dcc-4026-a7df-30b2356fdc0a,222.06,Q,1
744,1,Valerie Taylor,male,60,4,2,77d2b94f-1478-4c9d-9503-0b43e3c7ca9a,301.88,Q,0
745,1,Travis Harris,female,11,4,3,5c65a65c-0f8a-4c2c-a390-0bc0cd0fa4a6,49.5,Q,0
746,3,Vincent Novak,male,63,1,4,e3f342a8-f030-4fd4-be54-898e8eda6433,470.39,C,1
747,1,Michael Henry,female,21,4,2,cb53f0be-5e7b-4866-9270-54706a7be8b1,380.02,S,1
748,2,Dana Bennett,female,52,4,3,9def57b4-d2da-43ec-8eec-c013b55beaaa,297.45,S,1
749,1,Jenna Wilson,female,55,2,0,bbfb1b71-0a68-4eb8-876d-e8c5440c7e5b,415.93,S,1
750,2,Leslie Gardner,female,26,2,3,13f39289-4dcc-405d-959e-f0fd1204f4d6,49.29,C,1
751,3,Krista Benton,male,68,1,4,84fcfcb0-f5e9-4352-b745-39f2f1d188b9,243.65,S,0
752,1,Michael Gonzales,male,34,0,1,3b23feed-b9a4-4e2b-99e9-e3a418dcceb6,318.75,C,0
753,3,Michael Fuentes,female,52,1,0,317046b9-3080-4a5d-a2a5-0eec881af04f,416.04,Q,0
754,1,Jennifer Porter,female,52,1,2,91ed554a-3fae-4f01-a829-0f3c86b4852c,393.9,Q,1
755,2,Dana Hopkins,female,29,3,4,8ef4d74b-2dcc-4095-b28f-9444a0154d65,145.76,S,1
756,3,Rachel Jones,male,38,3,1,bf00f56c-6a49-49a6-8ee2-5e54bfcb3388,471.03,C,0
757,1,Karen Morales DDS,male,42,1,3,9399ad15-a37c-41c5-842b-266b1b02fa24,70.93,Q,0
758,2,Melissa Stephens,male,21,1,1,b3da5808-756e-467d-acab-8b695ba37cb5,438.82,C,1
759,3,Heather Woodard,male,42,1,4,1aa67474-e200-4157-ad54-c95aaa4d52a8,485.76,C,0
760,3,Margaret Miller,female,13,4,4,8cca8963-2e2e-47a4-8ade-c3792ab403f6,96.81,Q,1
761,1,Mary Kelly,female,64,3,1,a854027e-5667-4e49-8133-8bdc66cc7376,363.81,C,1
762,1,Amanda Terrell,female,17,1,3,999413cc-ff99-47a8-88ad-b388287e4086,29.74,Q,0
763,1,Jennifer Goodwin,male,9,2,1,e7094153-5a31-4916-aefb-2a2471693ed5,208.66,Q,0
764,2,Jessica Smith,male,41,2,4,ff31950a-fdd0-44a1-8cd2-216f50adff63,262.98,Q,0
765,1,Jorge Stone,male,1,4,4,698f546d-5f29-4290-9848-5a54531c8812,294.52,C,1
766,3,Laura Griffin,female,2,4,2,d37ee471-6e3b-4507-a21c-1209c3a1962d,468.61,Q,1
767,3,Raymond Chapman,female,60,0,2,3d9ffe59-9bc0-4a93-92cd-adefb9d276f4,339.4,C,0
768,1,Haley Johnson,male,48,0,0,60042231-36c3-4e85-8bae-295e902a405c,245.83,Q,1
769,1,Jason Nixon,female,29,0,4,be9cafcf-ed17-46e9-8cdc-718dc4057420,406.74,Q,1
770,3,Todd Thomas,male,10,4,2,73d0b6c7-f62e-4f88-9c29-850b410bfc29,475.76,S,1
771,2,Jesse Clark,male,58,4,1,000cd21a-65a7-4a30-b5b7-0dd9728f5897,20.81,S,0
772,1,Mr. Jeffrey Horton,female,60,4,3,48d3d2ce-fba3-491f-88df-aaf8b9efaad6,491.44,S,1
773,1,Eric Patrick,male,21,2,1,2294fa0a-8482-4c08-842c-65ad9883e9b1,52.2,C,0
774,3,Samuel Wong,female,28,4,3,01ae7eb1-4d45-4ea5-a3ec-4f6afe503fdc,409.05,C,0
775,1,Carly Riggs,male,75,2,2,36fea0b4-38cd-4122-bc01-45e14ce2afa2,147.36,Q,1
776,2,Christopher Moore,female,34,0,0,c5828939-058e-489e-909d-97cddb107e7f,74.77,Q,0
777,3,Tina Hall,female,8,0,1,d284b528-b091-4fb7-b17f-3f92d26aa790,225.53,Q,1
778,1,Cody Davidson,female,59,0,1,82e2b02d-8dbc-4e5a-ab4a-ede646a52064,325.54,Q,0
779,3,Allen Mendez,male,72,1,1,9255273f-ed09-40f7-9217-4fb08e6b3085,196.67,C,0
780,1,Kevin Price,male,49,1,3,75dacbbe-09a9-461a-9823-3383279b637c,36.74,Q,1
781,1,Christine Goodwin,female,79,3,2,43d643ed-236e-4832-a7f6-a2ac5b0c4170,303.74,Q,0
782,1,Amy Garcia,female,17,3,1,3ff69f41-9508-4801-a3be-7ca05df924fb,452.18,S,0
783,2,Chelsea Nguyen,male,60,3,1,4ce09ecb-cfa2-4fb8-8199-322e3ba58126,197.78,Q,0
784,2,Dennis Huffman,male,45,1,0,91ae3d4c-6659-4d83-920b-725b17871810,116.0,Q,1
785,3,Margaret Harper,male,69,1,0,13c37b5d-bbf8-4a91-b7a9-f824eafa4d5b,226.86,Q,1
786,1,Laurie Bailey,female,32,3,2,7b874b4a-cafb-44fe-931f-04afb93c92d5,33.7,C,0
787,1,Lisa Cervantes,male,44,3,2,e6267164-d361-4b3a-bcff-ae922c435667,412.04,S,0
788,2,Elizabeth Mendez,male,65,4,4,d1cbc092-9383-486d-b3ed-d6edb0894de4,414.91,Q,0
789,1,Cesar Wilson,female,8,3,0,a46acc9a-9861-4260-9869-c755e85c1ec9,298.12,Q,1
790,2,Clayton Steele,male,77,4,4,ceef7261-bb15-42ea-8991-2f464ce6928b,183.02,S,1
791,1,Jennifer Taylor,male,72,2,3,c7b611cd-1417-482a-a1ad-018a93875413,401.89,Q,0
792,3,Cody Reid,male,43,1,4,559a8f54-c559-4d0f-abff-c53f0e50f355,281.8,C,1
793,1,Maria Cooke,female,1,3,1,6f2e92b9-d130-42db-a13a-14ca5911f42e,414.71,Q,1
794,1,Katherine Taylor,female,51,1,4,1edbbe71-de2a-4ddf-ae24-9b726aa12abd,319.41,C,1
795,2,Jerry Brown,female,24,1,2,bf67de42-3a0a-4b59-8538-4872deaa543e,394.36,C,1
796,1,Adam Taylor,female,24,1,3,edbc36d8-9a30-4096-9977-66bea71c8948,303.3,Q,0
797,1,Tracey Wagner,female,17,2,1,a1d770ea-c704-480e-a246-6cd702ed5d15,212.93,S,1
798,2,Michael Perry PhD,female,5,0,4,863dfcd6-4e06-48d0-8ddb-545b61eaaa65,479.39,C,1
799,3,Bradley Johnson DDS,female,20,3,3,909e21ba-8a38-45aa-91be-ba8e0a8aeb94,275.15,S,0
800,3,Donald Medina,male,21,0,3,b2a0f778-809d-4444-93ab-3cce264ae04f,306.49,Q,0
801,2,Jim Newton,male,58,0,1,ac735be0-0cee-4dc2-a737-f345388629ff,118.04,C,1
802,2,Krista Wilson,female,31,0,4,f89617fa-6493-45ef-bf53-76a4bb48bbba,316.57,Q,1
803,2,Reginald Morrow,male,11,1,3,9343e6ea-985a-4548-80ba-22a47213e7cc,290.09,S,0
804,2,Rodney Williams,male,52,4,3,6e935615-38da-4a90-970f-ad328135f15a,100.57,Q,0
805,2,Kimberly Fritz,female,15,1,0,25e42403-64f2-402e-894f-6ed34a2f3876,39.2,Q,0
806,3,Ronald Potter,male,7,1,3,79d19c4e-1521-4d35-960f-1e2d21d72432,306.14,C,1
807,3,Zachary Cole,male,28,0,0,8c53b74c-0c9f-46e6-becc-f7609249ee3a,384.21,Q,1
808,2,Robert Gonzales,male,51,1,4,6605de3c-15c7-4c83-8336-ffe5663166a7,266.47,Q,0
809,1,Patricia Young PhD,male,58,0,4,b2a7a475-c619-4773-af3a-cf3380777ac5,121.12,Q,1
810,2,Heather Page,male,5,4,4,7b1dbca3-2286-43f8-8314-96ea2160446e,336.6,C,0
811,1,Carol Taylor,female,5,3,2,65339cf0-7ce4-470e-b2b7-3d808f2e08d3,49.25,S,1
812,2,Daniel Brown,female,8,0,4,8fa8ae34-3233-4053-9242-ba54a6f9c0e1,226.5,S,0
813,2,Douglas Ryan,female,64,4,3,86351a54-bc54-48c1-bf40-8dcc9db1f7f9,90.05,Q,0
814,3,Michael Roberts,male,10,3,1,44296ca2-1257-429e-be08-5cb73f09f7a6,100.38,C,1
815,1,Scott Duke,female,38,2,0,af4afcdd-52cb-4ae0-ae18-c9b3c6da85f1,109.12,Q,1
816,1,Anna Estes,male,8,0,2,1ccec1ef-16ef-4cdf-9375-ee61ec94503e,199.49,S,1
817,3,Tamara Riddle,male,25,0,4,5d822e3a-6c6d-482b-a9e0-8370abf7a5d0,35.06,C,1
818,3,Beth Cline,male,73,2,4,5832c8de-521b-48c2-b0c3-ef8a592ab43d,204.92,S,1
819,3,Michael Poole,male,66,2,1,c509d558-0632-4b36-a7c8-f0c59808552c,260.74,S,1
820,3,Megan Burns,female,79,0,1,5987038a-fcd6-418e-ab54-500d4e089bb4,246.81,C,0
821,1,Debra Perry,female,50,2,2,cd840a47-fd7b-4279-9253-55159dc0a8b5,197.56,C,1
822,1,Mark Beard,male,67,1,0,70c23600-2554-4c1a-9f88-dda37134ae6e,421.18,Q,0
823,2,Jose Ramirez,female,49,3,4,3bc5f97f-d173-470b-ac99-3c800b7d1856,81.21,Q,0
824,2,Jackie Clements,male,36,3,2,27ef0a4b-5fb2-4838-af73-b3cf331e91f2,257.79,S,1
825,3,Aaron Schroeder,female,68,3,3,15f7ef61-da4e-404c-ba7e-1b86c1fad753,40.4,C,0
826,3,Monica Ellis,female,78,1,3,3e3869e2-0df6-4417-bd55-38c71cc464ed,44.87,C,0
827,3,Heather Brown,male,41,2,2,25ce2a21-ed3e-4846-9efa-0407f2edcab0,291.19,Q,1
828,2,Claudia Jordan,female,62,4,4,49a5baeb-d1f4-4c8d-951b-1974de668dd0,287.35,S,1
829,2,Derrick Clayton,male,10,2,2,cde55848-b19c-405e-97e0-a1f103840661,440.24,S,1
830,2,Kenneth Knight,female,21,0,4,789fed96-7337-4c2f-8e1c-37621c7cb6ed,283.36,Q,0
831,2,Mr. Michael Williams,male,36,3,1,bd717da3-3581-4632-94f5-df7005d2d205,480.3,C,1
832,2,Richard Stevens,male,12,2,2,8be27516-342c-4348-b63d-75f189bab9c8,33.86,Q,1
833,2,Scott Alexander,female,2,4,4,8c7e2904-4237-492a-8017-466e85f4c0a2,58.02,Q,1
834,2,Tyler Harris,female,13,0,2,fe07832a-badc-4599-9f7f-ae0c7ba79d05,31.59,Q,1
835,3,Bonnie Santos,male,53,1,2,ab132032-b2e1-4f66-b1f0-2ea8242f5829,100.79,Q,0
836,3,Timothy Hill,female,32,1,4,e7f2418a-953f-4fd4-a069-4b6d04b51c12,275.22,C,1
837,3,Danielle Watson,female,16,4,4,4165964c-0b21-4308-86dc-4e34a9dcfe52,326.33,Q,0
838,3,Carol Sanders,male,32,0,0,3360d115-48b5-4c88-8f63-5f4a2b9a118e,32.34,C,1
839,2,Michael Young,male,32,3,2,4572b385-9e32-4085-b24f-92b9ca0841de,473.53,Q,0
840,1,Michele Smith,female,11,2,3,f1f71605-a79e-4626-b707-ac0e0d96feb3,422.66,S,0
841,2,Casey Perez,male,10,0,2,a90e319d-637e-4f94-910c-8d920222305d,155.34,C,0
842,1,Alexandra Dominguez,male,15,1,2,e9b1c4a1-da22-4b85-a9b9-2a1d457498ca,47.82,S,1
843,3,Virginia Henderson,male,17,4,4,1b9ec5f9-dd41-4a67-9c37-5254a8fc5690,93.24,Q,0
844,2,Benjamin Reyes,female,40,4,2,e226a768-de0e-4c53-8ae0-fd7a04e25132,72.2,Q,1
845,3,Ashley Edwards,female,18,2,2,fad3b44c-3b2d-4dc9-a2f3-2faea63fcf12,70.41,Q,1
846,2,Breanna Ayala,male,55,4,3,b5ae2a56-fa03-4d6c-822f-b2f06175a257,264.1,C,1
847,3,Brandi Haney,female,73,4,4,7c12d198-50c1-48f7-a764-28c4197fa0fd,130.47,S,1
848,1,Joseph Smith,male,25,0,2,168885c2-8814-4bde-98db-f732dde4d194,185.49,C,1
849,1,Jessica Bowen,female,59,3,1,f77fa3a7-802a-46eb-b2e9-7c2d2fb90ccf,494.86,C,0
850,1,Brittany Jenkins,male,78,2,0,b6646199-ed25-459e-8f89-37fa753e9662,345.31,Q,1
851,2,Shannon Miller,male,22,0,3,ec19e4eb-3f55-4740-8a2d-36a605804493,475.0,S,0
852,1,Paul Lawrence,female,30,3,2,7d6c3d2a-5564-41d3-8e0f-bae18787c3f4,79.85,Q,0
853,2,Victor Edwards,male,44,0,1,04b40ac9-2831-4f0d-be90-63fb64b5d9a5,197.25,C,0
854,1,Donald Miller,female,32,0,2,5afa0fb3-5a16-49d9-af2f-077358c69158,281.82,Q,0
855,1,Lindsay Lawson,female,51,4,2,fef97d57-3c77-4a4a-8d65-4036a00f230b,47.61,S,0
856,2,Melissa Abbott,male,46,3,4,469ff562-8052-4405-ba84-bb5ffa6e3743,12.05,Q,0
857,2,Elizabeth Holmes,male,21,2,4,41f74651-a033-4dad-8fdf-de19cfd835fc,338.51,S,0
858,1,Nicole Phillips,female,32,2,4,fffcd743-e3f1-4406-a31d-9c8be0f0fe79,324.49,S,1
859,2,Steven Blevins,male,39,3,1,f1b2f143-078b-43a9-bd88-565ad09a934b,211.29,Q,0
860,1,Brian Porter MD,male,12,4,2,39bfc9b6-47ba-48aa-b2f9-4b2c8e10814f,249.93,C,1
861,2,Vanessa Hatfield,male,47,1,0,6491982b-e5ad-481d-977f-4c1626d658fb,213.57,Q,0
862,3,Bonnie Valencia,male,18,0,3,bada0c94-1679-4be0-a323-8416a82cae18,21.76,C,0
863,3,Holly Vega,male,21,4,4,ad9112c5-f5ea-4128-854d-c3bf61d85365,174.33,C,0
864,3,Tiffany Townsend,female,13,3,4,afbffde4-a022-4155-9f69-5d179cc96aed,96.77,Q,0
865,3,Austin Baker,female,21,0,2,92a97acd-3d88-4938-aad6-5b8c3a38b844,58.23,C,1
866,3,Antonio Mccormick,male,8,2,2,4ff85111-f875-4fd4-ad2c-cf42271a919f,478.79,C,1
867,1,Lori Mason,male,46,1,1,72fcc072-544c-4132-9af9-7493e8e46b31,303.69,Q,1
868,3,Michael Miller,male,7,2,1,a7087280-34ee-4b67-a1bb-d1838acfd4d6,367.04,Q,0
869,3,Lisa Ramirez,female,23,3,4,af1dcfb8-8a96-4a11-94be-6d9f2379c05f,164.53,Q,0
870,3,Jorge Harris,male,75,0,2,235b275b-dcd2-4b97-b3ca-9a6bccd3af7c,202.64,C,0
871,3,Kimberly Myers,female,22,3,0,e60d7a94-b483-4162-b043-a39a4f1a84cb,126.09,S,1
872,2,Sandra Becker,female,22,0,3,6e18b184-229f-485b-a8d9-1a2086181db2,57.51,C,0
873,1,Michael Blair,female,29,4,2,c521ff2e-f9cc-43ed-a8b4-5c6afee543b3,97.73,S,1
874,3,Amy Miller,male,13,1,2,9099a283-eedb-4ce5-a7fe-cdcd2528b516,400.78,Q,1
875,3,Jesse Lynch,female,2,4,1,115c42cd-5147-4e86-a875-d40aeac7dc2e,342.0,S,0
876,3,Patrick Yang,male,29,4,3,b82d40de-f2d7-4d53-8870-2ae78eadda9a,278.0,Q,0
877,1,Michael Miles,female,79,3,4,d6eaf269-514e-4353-af23-7c4d1e4ea133,242.79,Q,1
878,2,Troy Mills,male,52,1,2,078c3875-ba21-4269-a540-fbfee12ff6cd,461.99,S,1
879,1,Michelle Jackson,female,27,0,4,f90fb6e4-e150-42f3-9195-8000c3f38c8c,45.64,Q,1
880,2,Richard Adams,male,50,0,2,4da838b7-6947-4bac-b610-f40d69fe890f,147.49,S,0
881,3,Patricia Johnson,female,79,2,4,d25ad576-ef0b-443e-bee0-47627168bdec,181.47,Q,0
882,3,Denise Brown,male,23,0,3,bd03d33b-eee9-495e-a308-6e48e4e5b5b0,393.39,C,0
883,1,Laura Jones,male,44,3,1,301c6abf-c773-4d46-a6e6-a84a46178161,496.33,C,0
884,1,Ian Porter,male,77,4,3,06b4ed27-2f4b-4be8-a1ac-fdb51b555f6d,127.93,Q,0
885,2,Holly Scott,male,22,4,0,9df034d3-9caa-437c-bc67-95e2c32fc21b,438.41,Q,0
886,2,Kenneth Sharp,female,43,4,1,9cc3c1f5-9129-4c75-9b08-e5a844511ba0,417.01,S,1
887,1,Jordan Williams,female,37,1,3,3b1d12cf-3b70-4092-98ab-182c3b1d0181,120.08,C,1
888,2,Dana Ruiz,male,61,0,0,14588063-5bf8-4d1d-86ad-7920aff7ff5d,205.67,S,1
889,1,Chris Velazquez,female,56,3,2,22538040-7a02-4a6d-87a2-b171b02a06ee,210.74,Q,0
890,2,Kristen Sloan,male,3,1,2,7800e27a-9ace-43cc-989c-83f68098580d,489.33,Q,1
891,1,Jennifer Morris,male,63,2,4,2f191516-5fbb-4da5-a64a-1fe8b646e2b1,98.64,S,0
892,1,Nathan Nelson,female,19,3,1,794e0838-7dcf-40fd-a330-98edda252795,401.59,Q,0
893,1,Jake Shaw,male,23,3,2,39ed0800-3179-49f9-a9ed-e760233408ba,173.75,C,1
894,2,Cassie Brock,male,29,3,1,f80443ee-c3b8-4179-a899-4c8408403234,368.13,S,0
895,2,Dr. Andrea Marshall,female,30,4,2,f3402dd3-4515-45b9-ace9-504b03d7f962,215.81,C,1
896,2,Ryan Murphy,male,39,3,4,abdce0da-be0b-4ddd-b8f9-500169bd40d8,293.4,C,1
897,1,Aimee Gonzalez,male,25,0,3,345e2eaf-c1fd-4581-b3ec-e6b1fcfd8547,417.98,C,0
898,2,Elizabeth Dean,male,8,3,4,f4672866-ed56-42a0-ad54-ff2b10ee4f77,404.04,S,1
899,2,Kevin Snyder,male,58,4,0,9df79a27-ddfc-4a92-b074-feb3fc5217cc,434.55,Q,1
900,1,Christie Mccullough,female,16,3,2,dde4f5c1-532c-4c01-b017-c5337d6ce5c3,39.21,C,1
901,3,Danielle Smith,female,72,2,0,6d744a0b-3f2d-49c8-a338-e5797521aa18,349.1,C,1
902,1,David Reed,female,1,2,0,9ba14c35-0ab5-407f-86b6-020a67a55936,78.59,C,0
903,2,Sherry Tapia,male,5,4,1,b85f164b-6160-4399-9307-3198bc3eb402,213.75,Q,1
904,1,Matthew Sweeney,male,3,0,2,f06b6c12-9c8b-4550-a4e7-0f9a501a0ccf,278.81,Q,1
905,3,Ashley Moreno,female,65,0,0,8941bdd3-9803-482e-926a-4bd0be125f8f,207.34,S,1
906,1,Johnathan Brown,male,4,1,3,b440b852-e033-400e-a432-62b38675820e,264.61,Q,0
907,2,Michelle Davis DVM,male,64,4,0,1bfc270c-8549-4255-89db-ebb5c9739495,498.3,S,1
908,3,Kelly Haynes,male,10,3,3,e0b55615-d3b6-4f1b-b4f7-6d09739cafa5,76.26,S,0
909,2,William Miller,male,21,4,1,3ee79d31-feef-41f8-a0b6-2f900adbc4ff,340.97,S,1
910,3,Casey Wilkins,female,46,1,0,fbdc532e-6546-466d-89b1-cad184c9b276,204.04,S,1
911,3,Keith Graham,female,27,4,4,632c817e-8ec5-4d47-8a0c-64e5bc341b4f,75.17,S,1
912,1,Cynthia Green,female,66,4,1,f66c7331-a172-4ee3-83e1-847c8420e0d8,87.78,C,0
913,1,Robert Haynes,male,41,1,3,70869a45-4a8a-4b17-b09a-083a0c9ea060,475.14,Q,0
914,2,Emily Nelson,female,13,0,1,c60fb252-4df7-42ae-a267-e12b65e5f13f,441.0,C,0
915,1,Dale Chan,female,9,3,0,2a9edda7-761a-4914-8931-b2d4d3def87c,454.45,S,0
916,1,Brittney Martin,male,36,1,2,eb45bc38-9cf6-4e33-8b5f-174b6c267b56,495.85,Q,0
917,3,Jason Herrera,male,58,2,2,e7574997-8458-4f73-b0a0-c1cd0df6c527,112.07,C,0
918,1,Christine Parker,female,54,0,3,a566e884-d473-4687-b6ad-1c332469d0c2,184.17,C,1
919,3,Bryan Moore,female,12,2,3,802b1bf4-b8ff-415c-9727-20fa73a27c7b,337.92,S,0
920,3,Samantha Terry,female,78,0,2,95dfe6cb-c75a-4c94-ae05-7f791cf8d03f,247.06,C,1
921,3,Russell Murphy,female,14,3,3,8be15610-b234-4948-a4f2-ae4cf016716b,215.01,C,0
922,2,David Kelly,male,34,3,1,52ce55e3-69df-45c7-a4a0-053f22a37556,185.33,C,0
923,2,Megan Green,female,53,4,4,74246baa-2dca-4c82-8660-a3e9736d417c,300.95,C,0
924,2,Amanda Sullivan MD,female,20,2,4,e552d0a8-b66f-4507-a588-b999971eea39,292.04,C,1
925,3,Danielle Murray,male,75,0,1,171603b1-7466-4e6f-a1ee-b1f133b1d0dc,89.11,S,0
926,2,Brenda Smith,female,16,3,4,a6091ad0-b114-44aa-92f6-9081400564b8,241.15,S,0
927,2,Vickie Anderson,male,70,1,0,29fb832c-cbe6-4571-b622-e18ee83bcc84,281.2,C,1
928,1,Jacqueline Mccoy,male,56,3,1,17584f23-1fa0-4802-bbb7-1494b7e767d4,289.44,S,1
929,2,Lauren Green,male,58,1,3,a25291f3-730b-4657-b4cb-46131d39e9c2,112.95,S,1
930,2,Alison Brown,female,4,0,1,b5103e9c-8618-440d-95d6-a6585ce9dbbc,373.71,Q,1
931,3,Jill Anderson,female,4,3,2,f9a62522-ca83-4709-ba14-675762538cdf,22.35,C,0
932,3,Sandra Rivera,male,20,3,3,28ef2f46-f323-423e-9cb0-c90c82fc9294,183.87,S,1
933,3,Joel Jackson,female,10,0,2,0b3d6dc9-616f-460a-8ce3-77d760f11528,392.3,S,0
934,3,Samantha Foster,female,24,3,3,55cf37ba-e989-45f2-abbf-1e35c4acb57d,286.31,C,0
935,3,Michael Thompson,male,26,1,4,dcd81a8b-a8d6-4af6-9f0d-def190c40e45,137.97,Q,1
936,3,Cody Ramirez,male,37,3,1,2504fd28-de6a-4459-a980-f6ff266c47fb,350.53,C,0
937,2,Amanda Harvey,female,54,2,0,0d22af35-b648-4e8a-84e7-75b92dca365a,288.02,Q,1
938,3,Edward Jenkins,male,21,4,3,baebe15d-4f3c-4771-8edd-2a2a6b69b4ae,400.16,C,0
939,3,Amy Ramirez,female,74,1,3,49ed856e-723d-4acd-b601-e005c4c4f69f,370.16,C,1
940,1,Curtis Wilkerson,female,38,2,2,e606d7c2-1e18-446d-ae42-1840a05f36c8,308.95,C,1
941,2,Lydia Pham,female,46,0,4,00e78824-33ee-46e7-b5de-feba21aea39b,249.21,C,1
942,2,Virginia Casey,female,4,1,2,03200c4e-40cb-4188-83f0-fac39f601d17,75.26,Q,1
943,2,Joshua Washington,male,60,4,2,7fa70485-dafc-4805-bf64-85de75699aef,138.05,Q,1
944,3,Kathryn Price,male,57,4,4,9ba4d5a6-0178-4e26-8eb5-57ac8b22e445,215.36,S,1
945,3,Francis Robinson,male,45,0,0,37850b5c-3ce5-488c-be53-d702e1f8d192,303.66,C,0
946,3,Paula Brown,male,20,0,2,74283491-79c8-42cb-a8d3-110e96bfae6e,261.72,Q,0
947,1,Kendra Wang DVM,female,17,1,2,99e95433-1453-417e-b11e-be6f68ffae17,151.21,Q,0
948,3,Ariel Sandoval,female,71,3,3,e1d5c0dc-3ea5-45a9-81ae-c50599a04abb,13.17,Q,1
949,1,Robert Stark,male,4,0,4,a0ee404f-9ea8-4cb1-8732-68c98c1e9464,253.16,C,0
950,2,Zachary Robinson,female,14,3,1,3527bcee-d343-4f88-91f3-79b18ebb8208,149.96,S,1
951,3,Rebecca Kelly,female,3,2,0,0e18ab96-25f4-4dd6-af51-ac6e0c85f154,369.96,Q,0
952,1,Sarah Thompson,female,58,4,0,253741e4-0966-4d08-9959-5d27a73d2746,21.73,C,0
953,1,Renee Wolfe,male,55,3,4,93fde248-aac0-4912-884d-7822da948e70,296.57,Q,1
954,3,Alyssa Haynes,male,4,4,3,54c3b22e-4c66-4a4d-9a70-ea8ad6881d3e,471.32,Q,0
955,2,Kristy Hart,male,24,3,3,1be00f8e-0c8d-41d2-9673-aefbeb9e54e0,95.46,S,0
956,2,William Keith,female,34,2,4,294d43ed-2da1-4fda-be65-6dcc6abdb05a,241.11,Q,0
957,2,Eric Henry Jr.,male,30,0,3,a9325ae1-9c70-40da-88cd-29c5ac0e1f71,54.8,Q,1
958,1,Daniel Fox,male,19,2,0,92811c92-984f-4323-b329-2925b107094e,316.58,C,0
959,1,Thomas Harris,male,31,0,0,f75efed8-2d6b-4953-8fea-d84ec98cfd48,279.76,C,1
960,1,Mitchell Sellers,male,60,0,1,5c3552b3-9437-4280-bfd4-67e77491050c,209.61,S,0
961,1,Erica Johnson,male,60,4,4,c4bd338e-17d7-4fc0-892c-d030ee757637,265.47,C,0
962,2,Sylvia Schroeder,male,19,2,2,e5c482ff-5e5a-40c1-92a4-73f94c9e903a,449.32,C,0
963,3,Shannon Yu,female,49,3,2,c2294116-1152-4a73-91fc-dedd61022b56,106.18,S,0
964,1,Tom Foster,female,63,2,1,109efb40-8ceb-4c57-97e3-23cf6d651847,21.06,Q,1
965,1,Eric Taylor,male,22,4,1,1f3cea1d-2271-47ca-b887-73ed4af715b7,432.22,S,0
966,2,Travis Conner,male,24,0,3,54470290-4640-4b2a-9c02-28afb1d29457,292.79,C,1
967,3,Marie Thompson,female,76,4,1,35b86d0a-864f-46dd-a9ec-09d586eced99,446.42,S,1
968,3,Melissa Mcfarland,female,30,1,1,0ee52f63-9caf-4df1-b584-5d71b221e1c5,302.5,Q,0
969,2,Courtney Chapman,male,58,1,2,fab6ad91-bacf-4cfc-9245-1cc41bfb3b3d,406.98,S,0
970,2,Eric Barker,male,31,3,3,16718639-fcb8-4f9e-8769-0baaa104bdce,220.54,C,1
971,3,Nicholas Rush,male,64,4,1,9ad2bb72-b04b-4584-b95c-ec2d7bd15655,377.43,C,1
972,1,Jenna Gamble,male,19,3,1,b4f136fc-fc7c-4e71-89c6-7b51ef13864b,457.39,S,0
973,3,Amanda Guzman,female,48,3,3,d90949aa-9bdd-4d7a-ad53-628b49851b79,290.34,Q,0
974,2,Tracy Walker,male,45,1,4,933c8d00-8680-4a0b-8279-1490510564f9,98.58,S,0
975,1,Taylor Taylor,male,55,3,3,ed56c714-5a96-41f5-9f8c-eda5feb9ea24,141.71,Q,0
976,1,Cynthia Haas,male,55,1,2,7f13de67-9008-4dc9-9d42-1bae2134e15b,107.34,Q,0
977,2,Stephen Davis,male,18,0,4,7f6bf62c-a1c1-4b96-baab-d9f2850b7073,130.96,S,1
978,2,Margaret Tanner,female,63,4,0,e237c877-2e0e-4673-8ed7-cd177e14c595,160.14,Q,0
979,2,Derek Wright,female,47,3,3,4a5d6cea-b565-464e-bb93-a53f9c02040d,282.02,C,0
980,3,David Rodriguez,female,75,1,2,1e42d2b8-0067-4b62-b18c-d979fab0a15d,298.12,S,1
981,3,James Oconnor,male,57,2,4,cbf6aa23-a01e-41f5-b702-beba0623ffbf,218.98,Q,0
982,1,Stacey Snyder,male,45,3,3,3513a238-d91b-4a04-bcca-ba381e30614f,311.56,C,0
983,2,Joshua Garcia,female,33,0,1,6a25542e-ffbd-4cdd-9d84-d303ccb03fc5,49.97,S,1
984,1,Sean Curtis,male,17,0,3,5982aa44-5573-48cf-8ba5-605069fe99a9,53.02,C,0
985,1,Carla Jones,male,70,2,0,365bc763-a333-4ea8-8e58-de208f7763e0,94.2,C,1
986,1,Elizabeth Flores,female,4,1,3,b0a4f557-3381-401f-a3ff-8fd202e460aa,263.86,C,0
987,1,Angela Jackson,female,20,3,4,115db44f-ca4a-40bc-8121-81a34818b004,114.86,Q,0
988,2,Nicholas Payne,female,47,1,4,8ccc617e-81b6-4951-8cdf-697f4eca2e96,148.81,S,0
989,1,Anna Wheeler,female,15,0,3,1d2467e2-0191-419d-845c-3fbb52ecac27,206.15,S,1
990,2,Karen Johnson,male,70,1,4,65637d1f-5763-4902-9552-0712af92ef22,407.81,Q,1
991,2,Carmen Preston,male,47,0,1,f5c9f459-9db1-4d5e-91a4-d796b9720eec,16.79,S,1
992,3,Brian Harris,female,78,1,3,31ab0158-2cf6-473b-9500-c14707743c94,328.2,C,1
993,2,Michael Bowen,male,75,2,1,ec1a86d3-5683-4783-9575-9337549c9eb9,337.75,S,0
994,3,Deborah Campbell,female,9,4,1,7978dc84-ea89-4979-baa6-d6eaac273009,401.34,Q,1
995,2,Anthony Armstrong,female,16,2,2,22c0c475-a549-46d0-891a-5875cc18dd0e,467.05,C,1
996,2,Brittany Ward,male,69,2,3,75eb0e8f-a090-460d-a7c7-655a7b434a72,19.87,Q,1
997,2,Edward Stanley,female,61,4,4,e55b93ad-8976-4471-9d7f-57d1e45def26,85.35,C,0
998,3,Christina Johnson,male,10,4,1,d06d3943-c8b3-415e-b664-704355c9bf0f,444.22,C,0
999,3,Edgar Miller,male,50,3,2,0e5779ec-be1a-470f-ad83-a4c869f8d3e4,234.67,S,1
1000,1,Elizabeth Sanders,male,3,3,3,90a014ab-4ca1-4abd-8565-0e0bd5c97d5d,286.65,C,1
